country,iso3,who_region,month_start,month_lab,cases,deaths
Andorra,AND,EURO,2022-07-01,Jul 2022,3,0
Andorra,AND,EURO,2022-08-01,Aug 2022,1,0
Andorra,AND,EURO,2022-09-01,Sep 2022,0,0
Andorra,AND,EURO,2022-10-01,Oct 2022,0,0
Andorra,AND,EURO,2022-11-01,Nov 2022,0,0
Andorra,AND,EURO,2022-12-01,Dec 2022,0,0
Andorra,AND,EURO,2023-01-01,Jan 2023,0,0
Andorra,AND,EURO,2023-02-01,Feb 2023,0,0
Andorra,AND,EURO,2023-03-01,Mar 2023,0,0
Andorra,AND,EURO,2023-04-01,Apr 2023,0,0
Andorra,AND,EURO,2023-05-01,May 2023,0,0
Andorra,AND,EURO,2023-06-01,Jun 2023,0,0
Andorra,AND,EURO,2023-07-01,Jul 2023,0,0
Andorra,AND,EURO,2023-08-01,Aug 2023,0,0
Andorra,AND,EURO,2023-09-01,Sep 2023,0,0
Argentina,ARG,AMRO,2022-06-01,Jun 2022,6,0
Argentina,ARG,AMRO,2022-07-01,Jul 2022,14,0
Argentina,ARG,AMRO,2022-08-01,Aug 2022,150,0
Argentina,ARG,AMRO,2022-09-01,Sep 2022,226,0
Argentina,ARG,AMRO,2022-10-01,Oct 2022,279,0
Argentina,ARG,AMRO,2022-11-01,Nov 2022,269,1
Argentina,ARG,AMRO,2022-12-01,Dec 2022,74,0
Argentina,ARG,AMRO,2023-01-01,Jan 2023,46,1
Argentina,ARG,AMRO,2023-02-01,Feb 2023,34,0
Argentina,ARG,AMRO,2023-03-01,Mar 2023,26,0
Argentina,ARG,AMRO,2023-04-01,Apr 2023,4,0
Argentina,ARG,AMRO,2023-05-01,May 2023,1,0
Argentina,ARG,AMRO,2023-06-01,Jun 2023,0,0
Argentina,ARG,AMRO,2023-07-01,Jul 2023,0,0
Argentina,ARG,AMRO,2023-08-01,Aug 2023,1,0
Argentina,ARG,AMRO,2023-09-01,Sep 2023,0,0
Aruba,ABW,AMRO,2022-08-01,Aug 2022,2,0
Aruba,ABW,AMRO,2022-09-01,Sep 2022,1,0
Aruba,ABW,AMRO,2022-10-01,Oct 2022,0,0
Aruba,ABW,AMRO,2022-11-01,Nov 2022,0,0
Aruba,ABW,AMRO,2022-12-01,Dec 2022,0,0
Aruba,ABW,AMRO,2023-01-01,Jan 2023,0,0
Aruba,ABW,AMRO,2023-02-01,Feb 2023,0,0
Aruba,ABW,AMRO,2023-03-01,Mar 2023,0,0
Aruba,ABW,AMRO,2023-04-01,Apr 2023,0,0
Aruba,ABW,AMRO,2023-05-01,May 2023,0,0
Aruba,ABW,AMRO,2023-06-01,Jun 2023,0,0
Aruba,ABW,AMRO,2023-07-01,Jul 2023,0,0
Aruba,ABW,AMRO,2023-08-01,Aug 2023,0,0
Aruba,ABW,AMRO,2023-09-01,Sep 2023,0,0
Australia,AUS,WPRO,2022-05-01,May 2022,2,0
Australia,AUS,WPRO,2022-06-01,Jun 2022,10,0
Australia,AUS,WPRO,2022-07-01,Jul 2022,33,0
Australia,AUS,WPRO,2022-08-01,Aug 2022,61,0
Australia,AUS,WPRO,2022-09-01,Sep 2022,30,0
Australia,AUS,WPRO,2022-10-01,Oct 2022,4,0
Australia,AUS,WPRO,2022-11-01,Nov 2022,3,0
Australia,AUS,WPRO,2022-12-01,Dec 2022,1,0
Australia,AUS,WPRO,2023-05-01,May 2023,1,0
Australia,AUS,WPRO,2023-08-01,Aug 2023,10,0
Australia,AUS,WPRO,2023-09-01,Sep 2023,1,0
Austria,AUT,EURO,2022-05-01,May 2022,1,0
Austria,AUT,EURO,2022-06-01,Jun 2022,19,0
Austria,AUT,EURO,2022-07-01,Jul 2022,98,0
Austria,AUT,EURO,2022-08-01,Aug 2022,147,0
Austria,AUT,EURO,2022-09-01,Sep 2022,48,0
Austria,AUT,EURO,2022-10-01,Oct 2022,10,0
Austria,AUT,EURO,2022-11-01,Nov 2022,3,0
Austria,AUT,EURO,2022-12-01,Dec 2022,1,0
Austria,AUT,EURO,2023-01-01,Jan 2023,0,0
Austria,AUT,EURO,2023-02-01,Feb 2023,0,0
Austria,AUT,EURO,2023-03-01,Mar 2023,0,0
Austria,AUT,EURO,2023-04-01,Apr 2023,1,0
Austria,AUT,EURO,2023-05-01,May 2023,0,0
Austria,AUT,EURO,2023-06-01,Jun 2023,0,0
Austria,AUT,EURO,2023-07-01,Jul 2023,0,0
Austria,AUT,EURO,2023-08-01,Aug 2023,0,0
Austria,AUT,EURO,2023-09-01,Sep 2023,2,0
Bahamas,BHS,AMRO,2022-06-01,Jun 2022,1,0
Bahamas,BHS,AMRO,2022-07-01,Jul 2022,0,0
Bahamas,BHS,AMRO,2022-08-01,Aug 2022,1,0
Bahamas,BHS,AMRO,2022-09-01,Sep 2022,0,0
Bahamas,BHS,AMRO,2022-10-01,Oct 2022,0,0
Bahamas,BHS,AMRO,2022-11-01,Nov 2022,0,0
Bahamas,BHS,AMRO,2022-12-01,Dec 2022,0,0
Bahamas,BHS,AMRO,2023-01-01,Jan 2023,0,0
Bahamas,BHS,AMRO,2023-02-01,Feb 2023,0,0
Bahamas,BHS,AMRO,2023-03-01,Mar 2023,0,0
Bahamas,BHS,AMRO,2023-04-01,Apr 2023,0,0
Bahamas,BHS,AMRO,2023-05-01,May 2023,0,0
Bahamas,BHS,AMRO,2023-06-01,Jun 2023,1,0
Bahamas,BHS,AMRO,2023-07-01,Jul 2023,0,0
Bahamas,BHS,AMRO,2023-08-01,Aug 2023,0,0
Bahamas,BHS,AMRO,2023-09-01,Sep 2023,0,0
Bahrain,BHR,EMRO,2022-09-01,Sep 2022,1,0
Bahrain,BHR,EMRO,2023-04-01,Apr 2023,1,0
Barbados,BRB,AMRO,2022-07-01,Jul 2022,1,0
Barbados,BRB,AMRO,2022-08-01,Aug 2022,0,0
Barbados,BRB,AMRO,2022-09-01,Sep 2022,0,0
Barbados,BRB,AMRO,2022-10-01,Oct 2022,0,0
Barbados,BRB,AMRO,2022-11-01,Nov 2022,0,0
Barbados,BRB,AMRO,2022-12-01,Dec 2022,0,0
Barbados,BRB,AMRO,2023-01-01,Jan 2023,0,0
Barbados,BRB,AMRO,2023-02-01,Feb 2023,0,0
Barbados,BRB,AMRO,2023-03-01,Mar 2023,0,0
Barbados,BRB,AMRO,2023-04-01,Apr 2023,0,0
Barbados,BRB,AMRO,2023-05-01,May 2023,0,0
Barbados,BRB,AMRO,2023-06-01,Jun 2023,0,0
Barbados,BRB,AMRO,2023-07-01,Jul 2023,0,0
Barbados,BRB,AMRO,2023-08-01,Aug 2023,0,0
Barbados,BRB,AMRO,2023-09-01,Sep 2023,0,0
Belgium,BEL,EURO,2022-05-01,May 2022,10,0
Belgium,BEL,EURO,2022-06-01,Jun 2022,107,0
Belgium,BEL,EURO,2022-07-01,Jul 2022,276,0
Belgium,BEL,EURO,2022-08-01,Aug 2022,313,1
Belgium,BEL,EURO,2022-09-01,Sep 2022,64,0
Belgium,BEL,EURO,2022-10-01,Oct 2022,15,0
Belgium,BEL,EURO,2022-11-01,Nov 2022,4,0
Belgium,BEL,EURO,2022-12-01,Dec 2022,1,0
Belgium,BEL,EURO,2023-01-01,Jan 2023,3,0
Belgium,BEL,EURO,2023-02-01,Feb 2023,0,1
Belgium,BEL,EURO,2023-03-01,Mar 2023,0,0
Belgium,BEL,EURO,2023-04-01,Apr 2023,0,0
Belgium,BEL,EURO,2023-05-01,May 2023,0,0
Belgium,BEL,EURO,2023-06-01,Jun 2023,2,0
Belgium,BEL,EURO,2023-07-01,Jul 2023,0,0
Belgium,BEL,EURO,2023-08-01,Aug 2023,0,0
Belgium,BEL,EURO,2023-09-01,Sep 2023,0,0
Benin,BEN,AFRO,2022-06-01,Jun 2022,3,0
Benin,BEN,AFRO,2022-07-01,Jul 2022,0,0
Benin,BEN,AFRO,2022-08-01,Aug 2022,0,0
Benin,BEN,AFRO,2022-09-01,Sep 2022,0,0
Benin,BEN,AFRO,2022-10-01,Oct 2022,0,0
Benin,BEN,AFRO,2022-11-01,Nov 2022,0,0
Benin,BEN,AFRO,2022-12-01,Dec 2022,0,0
Benin,BEN,AFRO,2023-01-01,Jan 2023,0,0
Benin,BEN,AFRO,2023-02-01,Feb 2023,0,0
Benin,BEN,AFRO,2023-03-01,Mar 2023,0,0
Benin,BEN,AFRO,2023-04-01,Apr 2023,0,0
Benin,BEN,AFRO,2023-05-01,May 2023,0,0
Benin,BEN,AFRO,2023-06-01,Jun 2023,0,0
Benin,BEN,AFRO,2023-07-01,Jul 2023,0,0
Benin,BEN,AFRO,2023-08-01,Aug 2023,0,0
Benin,BEN,AFRO,2023-09-01,Sep 2023,0,0
Bermuda,BMU,AMRO,2022-07-01,Jul 2022,1,0
Bermuda,BMU,AMRO,2022-08-01,Aug 2022,0,0
Bermuda,BMU,AMRO,2022-09-01,Sep 2022,0,0
Bermuda,BMU,AMRO,2022-10-01,Oct 2022,0,0
Bermuda,BMU,AMRO,2022-11-01,Nov 2022,0,0
Bermuda,BMU,AMRO,2022-12-01,Dec 2022,0,0
Bermuda,BMU,AMRO,2023-01-01,Jan 2023,0,0
Bermuda,BMU,AMRO,2023-02-01,Feb 2023,0,0
Bermuda,BMU,AMRO,2023-03-01,Mar 2023,0,0
Bermuda,BMU,AMRO,2023-04-01,Apr 2023,0,0
Bermuda,BMU,AMRO,2023-05-01,May 2023,0,0
Bermuda,BMU,AMRO,2023-06-01,Jun 2023,0,0
Bermuda,BMU,AMRO,2023-07-01,Jul 2023,0,0
Bermuda,BMU,AMRO,2023-08-01,Aug 2023,0,0
Bermuda,BMU,AMRO,2023-09-01,Sep 2023,0,0
Bolivia (Plurinational State of),BOL,AMRO,2022-08-01,Aug 2022,86,0
Bolivia (Plurinational State of),BOL,AMRO,2022-09-01,Sep 2022,109,0
Bolivia (Plurinational State of),BOL,AMRO,2022-10-01,Oct 2022,46,0
Bolivia (Plurinational State of),BOL,AMRO,2022-11-01,Nov 2022,18,0
Bolivia (Plurinational State of),BOL,AMRO,2022-12-01,Dec 2022,2,0
Bolivia (Plurinational State of),BOL,AMRO,2023-01-01,Jan 2023,2,0
Bolivia (Plurinational State of),BOL,AMRO,2023-02-01,Feb 2023,1,0
Bolivia (Plurinational State of),BOL,AMRO,2023-03-01,Mar 2023,1,0
Bolivia (Plurinational State of),BOL,AMRO,2023-04-01,Apr 2023,0,0
Bolivia (Plurinational State of),BOL,AMRO,2023-05-01,May 2023,0,0
Bolivia (Plurinational State of),BOL,AMRO,2023-06-01,Jun 2023,0,0
Bolivia (Plurinational State of),BOL,AMRO,2023-07-01,Jul 2023,0,0
Bolivia (Plurinational State of),BOL,AMRO,2023-08-01,Aug 2023,0,0
Bolivia (Plurinational State of),BOL,AMRO,2023-09-01,Sep 2023,0,0
Bosnia and Herzegovina,BIH,EURO,2022-07-01,Jul 2022,1,0
Bosnia and Herzegovina,BIH,EURO,2022-08-01,Aug 2022,2,0
Bosnia and Herzegovina,BIH,EURO,2022-09-01,Sep 2022,2,0
Bosnia and Herzegovina,BIH,EURO,2022-10-01,Oct 2022,4,0
Bosnia and Herzegovina,BIH,EURO,2022-11-01,Nov 2022,0,0
Bosnia and Herzegovina,BIH,EURO,2022-12-01,Dec 2022,0,0
Bosnia and Herzegovina,BIH,EURO,2023-01-01,Jan 2023,0,0
Bosnia and Herzegovina,BIH,EURO,2023-02-01,Feb 2023,0,0
Bosnia and Herzegovina,BIH,EURO,2023-03-01,Mar 2023,0,0
Bosnia and Herzegovina,BIH,EURO,2023-04-01,Apr 2023,0,0
Bosnia and Herzegovina,BIH,EURO,2023-05-01,May 2023,0,0
Bosnia and Herzegovina,BIH,EURO,2023-06-01,Jun 2023,0,0
Bosnia and Herzegovina,BIH,EURO,2023-07-01,Jul 2023,0,0
Bosnia and Herzegovina,BIH,EURO,2023-08-01,Aug 2023,0,0
Bosnia and Herzegovina,BIH,EURO,2023-09-01,Sep 2023,0,0
Brazil,BRA,AMRO,2022-06-01,Jun 2022,63,0
Brazil,BRA,AMRO,2022-07-01,Jul 2022,915,0
Brazil,BRA,AMRO,2022-08-01,Aug 2022,4219,2
Brazil,BRA,AMRO,2022-09-01,Sep 2022,2672,0
Brazil,BRA,AMRO,2022-10-01,Oct 2022,1314,6
Brazil,BRA,AMRO,2022-11-01,Nov 2022,917,6
Brazil,BRA,AMRO,2022-12-01,Dec 2022,411,0
Brazil,BRA,AMRO,2023-01-01,Jan 2023,219,1
Brazil,BRA,AMRO,2023-02-01,Feb 2023,95,0
Brazil,BRA,AMRO,2023-03-01,Mar 2023,65,0
Brazil,BRA,AMRO,2023-04-01,Apr 2023,25,1
Brazil,BRA,AMRO,2023-05-01,May 2023,33,0
Brazil,BRA,AMRO,2023-06-01,Jun 2023,13,0
Brazil,BRA,AMRO,2023-07-01,Jul 2023,6,0
Brazil,BRA,AMRO,2023-08-01,Aug 2023,0,0
Brazil,BRA,AMRO,2023-09-01,Sep 2023,0,0
Bulgaria,BGR,EURO,2022-06-01,Jun 2022,3,0
Bulgaria,BGR,EURO,2022-07-01,Jul 2022,1,0
Bulgaria,BGR,EURO,2022-08-01,Aug 2022,0,0
Bulgaria,BGR,EURO,2022-09-01,Sep 2022,2,0
Bulgaria,BGR,EURO,2022-10-01,Oct 2022,0,0
Bulgaria,BGR,EURO,2022-11-01,Nov 2022,0,0
Bulgaria,BGR,EURO,2022-12-01,Dec 2022,0,0
Bulgaria,BGR,EURO,2023-01-01,Jan 2023,0,0
Bulgaria,BGR,EURO,2023-02-01,Feb 2023,0,0
Bulgaria,BGR,EURO,2023-03-01,Mar 2023,0,0
Bulgaria,BGR,EURO,2023-04-01,Apr 2023,0,0
Bulgaria,BGR,EURO,2023-05-01,May 2023,0,0
Bulgaria,BGR,EURO,2023-06-01,Jun 2023,0,0
Bulgaria,BGR,EURO,2023-07-01,Jul 2023,0,0
Bulgaria,BGR,EURO,2023-08-01,Aug 2023,0,0
Bulgaria,BGR,EURO,2023-09-01,Sep 2023,0,0
Cameroon,CMR,AFRO,2022-03-01,Mar 2022,3,1
Cameroon,CMR,AFRO,2022-04-01,Apr 2022,1,0
Cameroon,CMR,AFRO,2022-05-01,May 2022,0,0
Cameroon,CMR,AFRO,2022-06-01,Jun 2022,2,0
Cameroon,CMR,AFRO,2022-07-01,Jul 2022,2,0
Cameroon,CMR,AFRO,2022-08-01,Aug 2022,0,2
Cameroon,CMR,AFRO,2022-09-01,Sep 2022,2,0
Cameroon,CMR,AFRO,2022-10-01,Oct 2022,6,0
Cameroon,CMR,AFRO,2022-11-01,Nov 2022,2,0
Cameroon,CMR,AFRO,2022-12-01,Dec 2022,0,0
Cameroon,CMR,AFRO,2023-01-01,Jan 2023,0,0
Cameroon,CMR,AFRO,2023-02-01,Feb 2023,0,0
Cameroon,CMR,AFRO,2023-03-01,Mar 2023,0,0
Cameroon,CMR,AFRO,2023-04-01,Apr 2023,0,0
Cameroon,CMR,AFRO,2023-05-01,May 2023,13,0
Cameroon,CMR,AFRO,2023-06-01,Jun 2023,10,0
Cameroon,CMR,AFRO,2023-07-01,Jul 2023,0,0
Cameroon,CMR,AFRO,2023-08-01,Aug 2023,0,0
Cameroon,CMR,AFRO,2023-09-01,Sep 2023,0,0
Canada,CAN,AMRO,2022-06-01,Jun 2022,287,0
Canada,CAN,AMRO,2022-07-01,Jul 2022,516,0
Canada,CAN,AMRO,2022-08-01,Aug 2022,486,0
Canada,CAN,AMRO,2022-09-01,Sep 2022,107,0
Canada,CAN,AMRO,2022-10-01,Oct 2022,40,0
Canada,CAN,AMRO,2022-11-01,Nov 2022,20,0
Canada,CAN,AMRO,2022-12-01,Dec 2022,4,0
Canada,CAN,AMRO,2023-01-01,Jan 2023,0,0
Canada,CAN,AMRO,2023-02-01,Feb 2023,0,0
Canada,CAN,AMRO,2023-03-01,Mar 2023,18,0
Canada,CAN,AMRO,2023-04-01,Apr 2023,6,0
Canada,CAN,AMRO,2023-05-01,May 2023,12,0
Canada,CAN,AMRO,2023-06-01,Jun 2023,0,0
Canada,CAN,AMRO,2023-07-01,Jul 2023,0,0
Canada,CAN,AMRO,2023-08-01,Aug 2023,0,0
Canada,CAN,AMRO,2023-09-01,Sep 2023,0,0
Central African Republic,CAF,AFRO,2022-01-01,Jan 2022,1,0
Central African Republic,CAF,AFRO,2022-02-01,Feb 2022,2,0
Central African Republic,CAF,AFRO,2022-03-01,Mar 2022,1,0
Central African Republic,CAF,AFRO,2022-04-01,Apr 2022,0,0
Central African Republic,CAF,AFRO,2022-05-01,May 2022,0,0
Central African Republic,CAF,AFRO,2022-06-01,Jun 2022,0,0
Central African Republic,CAF,AFRO,2022-07-01,Jul 2022,3,0
Central African Republic,CAF,AFRO,2022-08-01,Aug 2022,1,0
Central African Republic,CAF,AFRO,2022-09-01,Sep 2022,2,0
Central African Republic,CAF,AFRO,2022-10-01,Oct 2022,3,0
Central African Republic,CAF,AFRO,2022-11-01,Nov 2022,0,0
Central African Republic,CAF,AFRO,2022-12-01,Dec 2022,3,0
Central African Republic,CAF,AFRO,2023-01-01,Jan 2023,6,0
Central African Republic,CAF,AFRO,2023-02-01,Feb 2023,4,1
Central African Republic,CAF,AFRO,2023-03-01,Mar 2023,4,0
Central African Republic,CAF,AFRO,2023-04-01,Apr 2023,0,0
Central African Republic,CAF,AFRO,2023-05-01,May 2023,0,0
Central African Republic,CAF,AFRO,2023-06-01,Jun 2023,0,0
Central African Republic,CAF,AFRO,2023-07-01,Jul 2023,0,0
Central African Republic,CAF,AFRO,2023-08-01,Aug 2023,0,0
Central African Republic,CAF,AFRO,2023-09-01,Sep 2023,0,0
Chile,CHL,AMRO,2022-06-01,Jun 2022,6,0
Chile,CHL,AMRO,2022-07-01,Jul 2022,49,0
Chile,CHL,AMRO,2022-08-01,Aug 2022,326,0
Chile,CHL,AMRO,2022-09-01,Sep 2022,499,0
Chile,CHL,AMRO,2022-10-01,Oct 2022,269,0
Chile,CHL,AMRO,2022-11-01,Nov 2022,163,2
Chile,CHL,AMRO,2022-12-01,Dec 2022,65,0
Chile,CHL,AMRO,2023-01-01,Jan 2023,31,0
Chile,CHL,AMRO,2023-02-01,Feb 2023,23,0
Chile,CHL,AMRO,2023-03-01,Mar 2023,8,0
Chile,CHL,AMRO,2023-04-01,Apr 2023,1,0
Chile,CHL,AMRO,2023-05-01,May 2023,1,0
Chile,CHL,AMRO,2023-06-01,Jun 2023,0,0
Chile,CHL,AMRO,2023-07-01,Jul 2023,1,1
Chile,CHL,AMRO,2023-08-01,Aug 2023,0,0
Chile,CHL,AMRO,2023-09-01,Sep 2023,3,0
China,CHN,WPRO,2022-06-01,Jun 2022,1,0
China,CHN,WPRO,2022-07-01,Jul 2022,1,0
China,CHN,WPRO,2022-08-01,Aug 2022,1,0
China,CHN,WPRO,2022-09-01,Sep 2022,2,0
China,CHN,WPRO,2022-10-01,Oct 2022,1,0
China,CHN,WPRO,2023-02-01,Feb 2023,2,0
China,CHN,WPRO,2023-03-01,Mar 2023,16,0
China,CHN,WPRO,2023-04-01,Apr 2023,31,0
China,CHN,WPRO,2023-05-01,May 2023,81,0
China,CHN,WPRO,2023-06-01,Jun 2023,160,0
China,CHN,WPRO,2023-07-01,Jul 2023,576,0
China,CHN,WPRO,2023-08-01,Aug 2023,564,0
China,CHN,WPRO,2023-09-01,Sep 2023,329,0
Colombia,COL,AMRO,2022-06-01,Jun 2022,5,0
Colombia,COL,AMRO,2022-07-01,Jul 2022,7,0
Colombia,COL,AMRO,2022-08-01,Aug 2022,570,0
Colombia,COL,AMRO,2022-09-01,Sep 2022,1460,0
Colombia,COL,AMRO,2022-10-01,Oct 2022,1256,0
Colombia,COL,AMRO,2022-11-01,Nov 2022,563,0
Colombia,COL,AMRO,2022-12-01,Dec 2022,160,0
Colombia,COL,AMRO,2023-01-01,Jan 2023,45,0
Colombia,COL,AMRO,2023-02-01,Feb 2023,15,0
Colombia,COL,AMRO,2023-03-01,Mar 2023,8,0
Colombia,COL,AMRO,2023-04-01,Apr 2023,1,0
Colombia,COL,AMRO,2023-05-01,May 2023,0,0
Colombia,COL,AMRO,2023-06-01,Jun 2023,0,0
Colombia,COL,AMRO,2023-07-01,Jul 2023,0,0
Colombia,COL,AMRO,2023-08-01,Aug 2023,0,0
Colombia,COL,AMRO,2023-09-01,Sep 2023,0,0
Congo,COG,AFRO,2022-04-01,Apr 2022,2,0
Congo,COG,AFRO,2022-05-01,May 2022,0,0
Congo,COG,AFRO,2022-06-01,Jun 2022,0,0
Congo,COG,AFRO,2022-07-01,Jul 2022,0,0
Congo,COG,AFRO,2022-08-01,Aug 2022,1,0
Congo,COG,AFRO,2022-09-01,Sep 2022,2,0
Congo,COG,AFRO,2022-10-01,Oct 2022,0,0
Congo,COG,AFRO,2022-11-01,Nov 2022,0,0
Congo,COG,AFRO,2022-12-01,Dec 2022,0,0
Congo,COG,AFRO,2023-01-01,Jan 2023,0,0
Congo,COG,AFRO,2023-02-01,Feb 2023,0,0
Congo,COG,AFRO,2023-03-01,Mar 2023,0,0
Congo,COG,AFRO,2023-04-01,Apr 2023,0,0
Congo,COG,AFRO,2023-05-01,May 2023,0,0
Congo,COG,AFRO,2023-06-01,Jun 2023,0,0
Congo,COG,AFRO,2023-07-01,Jul 2023,0,0
Congo,COG,AFRO,2023-08-01,Aug 2023,7,0
Congo,COG,AFRO,2023-09-01,Sep 2023,6,0
Costa Rica,CRI,AMRO,2022-07-01,Jul 2022,3,0
Costa Rica,CRI,AMRO,2022-08-01,Aug 2022,0,0
Costa Rica,CRI,AMRO,2022-09-01,Sep 2022,1,0
Costa Rica,CRI,AMRO,2022-10-01,Oct 2022,4,0
Costa Rica,CRI,AMRO,2022-11-01,Nov 2022,16,0
Costa Rica,CRI,AMRO,2022-12-01,Dec 2022,46,0
Costa Rica,CRI,AMRO,2023-01-01,Jan 2023,70,0
Costa Rica,CRI,AMRO,2023-02-01,Feb 2023,48,0
Costa Rica,CRI,AMRO,2023-03-01,Mar 2023,29,0
Costa Rica,CRI,AMRO,2023-04-01,Apr 2023,4,0
Costa Rica,CRI,AMRO,2023-05-01,May 2023,2,0
Costa Rica,CRI,AMRO,2023-06-01,Jun 2023,2,0
Costa Rica,CRI,AMRO,2023-07-01,Jul 2023,0,0
Costa Rica,CRI,AMRO,2023-08-01,Aug 2023,0,0
Costa Rica,CRI,AMRO,2023-09-01,Sep 2023,0,0
Croatia,HRV,EURO,2022-06-01,Jun 2022,1,0
Croatia,HRV,EURO,2022-07-01,Jul 2022,10,0
Croatia,HRV,EURO,2022-08-01,Aug 2022,15,0
Croatia,HRV,EURO,2022-09-01,Sep 2022,3,0
Croatia,HRV,EURO,2022-10-01,Oct 2022,0,0
Croatia,HRV,EURO,2022-11-01,Nov 2022,0,0
Croatia,HRV,EURO,2022-12-01,Dec 2022,0,0
Croatia,HRV,EURO,2023-01-01,Jan 2023,4,0
Croatia,HRV,EURO,2023-02-01,Feb 2023,0,0
Croatia,HRV,EURO,2023-03-01,Mar 2023,0,0
Croatia,HRV,EURO,2023-04-01,Apr 2023,0,0
Croatia,HRV,EURO,2023-05-01,May 2023,0,0
Croatia,HRV,EURO,2023-06-01,Jun 2023,0,0
Croatia,HRV,EURO,2023-07-01,Jul 2023,0,0
Croatia,HRV,EURO,2023-08-01,Aug 2023,0,0
Croatia,HRV,EURO,2023-09-01,Sep 2023,0,0
Cuba,CUB,AMRO,2022-08-01,Aug 2022,2,1
Cuba,CUB,AMRO,2022-09-01,Sep 2022,1,0
Cuba,CUB,AMRO,2022-10-01,Oct 2022,1,0
Cuba,CUB,AMRO,2022-11-01,Nov 2022,4,0
Cuba,CUB,AMRO,2022-12-01,Dec 2022,0,0
Cuba,CUB,AMRO,2023-01-01,Jan 2023,0,0
Cuba,CUB,AMRO,2023-02-01,Feb 2023,0,0
Cuba,CUB,AMRO,2023-03-01,Mar 2023,0,0
Cuba,CUB,AMRO,2023-04-01,Apr 2023,0,0
Cuba,CUB,AMRO,2023-05-01,May 2023,0,0
Cuba,CUB,AMRO,2023-06-01,Jun 2023,0,0
Cuba,CUB,AMRO,2023-07-01,Jul 2023,0,0
Cuba,CUB,AMRO,2023-08-01,Aug 2023,0,0
Cuba,CUB,AMRO,2023-09-01,Sep 2023,0,0
Curaçao,CUW,AMRO,2022-08-01,Aug 2022,1,0
Curaçao,CUW,AMRO,2022-09-01,Sep 2022,2,0
Curaçao,CUW,AMRO,2022-10-01,Oct 2022,0,0
Curaçao,CUW,AMRO,2022-11-01,Nov 2022,0,0
Curaçao,CUW,AMRO,2022-12-01,Dec 2022,0,0
Curaçao,CUW,AMRO,2023-01-01,Jan 2023,0,0
Curaçao,CUW,AMRO,2023-02-01,Feb 2023,0,0
Curaçao,CUW,AMRO,2023-03-01,Mar 2023,0,0
Curaçao,CUW,AMRO,2023-04-01,Apr 2023,0,0
Curaçao,CUW,AMRO,2023-05-01,May 2023,0,0
Curaçao,CUW,AMRO,2023-06-01,Jun 2023,0,0
Curaçao,CUW,AMRO,2023-07-01,Jul 2023,0,0
Curaçao,CUW,AMRO,2023-08-01,Aug 2023,0,0
Curaçao,CUW,AMRO,2023-09-01,Sep 2023,0,0
Cyprus,CYP,EURO,2022-08-01,Aug 2022,5,0
Cyprus,CYP,EURO,2022-09-01,Sep 2022,0,0
Cyprus,CYP,EURO,2022-10-01,Oct 2022,0,0
Cyprus,CYP,EURO,2022-11-01,Nov 2022,0,0
Cyprus,CYP,EURO,2022-12-01,Dec 2022,0,0
Cyprus,CYP,EURO,2023-01-01,Jan 2023,0,0
Cyprus,CYP,EURO,2023-02-01,Feb 2023,0,0
Cyprus,CYP,EURO,2023-03-01,Mar 2023,0,0
Cyprus,CYP,EURO,2023-04-01,Apr 2023,0,0
Cyprus,CYP,EURO,2023-05-01,May 2023,0,0
Cyprus,CYP,EURO,2023-06-01,Jun 2023,0,0
Cyprus,CYP,EURO,2023-07-01,Jul 2023,0,0
Cyprus,CYP,EURO,2023-08-01,Aug 2023,0,0
Cyprus,CYP,EURO,2023-09-01,Sep 2023,0,0
Czechia,CZE,EURO,2022-05-01,May 2022,5,0
Czechia,CZE,EURO,2022-06-01,Jun 2022,3,0
Czechia,CZE,EURO,2022-07-01,Jul 2022,8,0
Czechia,CZE,EURO,2022-08-01,Aug 2022,32,0
Czechia,CZE,EURO,2022-09-01,Sep 2022,19,1
Czechia,CZE,EURO,2022-10-01,Oct 2022,3,0
Czechia,CZE,EURO,2022-11-01,Nov 2022,0,0
Czechia,CZE,EURO,2022-12-01,Dec 2022,1,0
Czechia,CZE,EURO,2023-01-01,Jan 2023,0,0
Czechia,CZE,EURO,2023-02-01,Feb 2023,0,0
Czechia,CZE,EURO,2023-03-01,Mar 2023,0,0
Czechia,CZE,EURO,2023-04-01,Apr 2023,0,0
Czechia,CZE,EURO,2023-05-01,May 2023,0,0
Czechia,CZE,EURO,2023-06-01,Jun 2023,0,0
Czechia,CZE,EURO,2023-07-01,Jul 2023,0,0
Czechia,CZE,EURO,2023-08-01,Aug 2023,0,0
Czechia,CZE,EURO,2023-09-01,Sep 2023,0,0
Democratic Republic of the Congo,COD,AFRO,2022-05-01,May 2022,10,0
Democratic Republic of the Congo,COD,AFRO,2022-06-01,Jun 2022,90,0
Democratic Republic of the Congo,COD,AFRO,2022-07-01,Jul 2022,0,0
Democratic Republic of the Congo,COD,AFRO,2022-08-01,Aug 2022,74,0
Democratic Republic of the Congo,COD,AFRO,2022-09-01,Sep 2022,28,0
Democratic Republic of the Congo,COD,AFRO,2022-10-01,Oct 2022,49,0
Democratic Republic of the Congo,COD,AFRO,2022-11-01,Nov 2022,21,0
Democratic Republic of the Congo,COD,AFRO,2022-12-01,Dec 2022,7,0
Democratic Republic of the Congo,COD,AFRO,2023-01-01,Jan 2023,98,0
Democratic Republic of the Congo,COD,AFRO,2023-02-01,Feb 2023,43,0
Democratic Republic of the Congo,COD,AFRO,2023-03-01,Mar 2023,33,0
Democratic Republic of the Congo,COD,AFRO,2023-04-01,Apr 2023,105,0
Democratic Republic of the Congo,COD,AFRO,2023-05-01,May 2023,85,2
Democratic Republic of the Congo,COD,AFRO,2023-06-01,Jun 2023,116,0
Democratic Republic of the Congo,COD,AFRO,2023-07-01,Jul 2023,75,0
Democratic Republic of the Congo,COD,AFRO,2023-08-01,Aug 2023,46,0
Democratic Republic of the Congo,COD,AFRO,2023-09-01,Sep 2023,9,0
Denmark,DNK,EURO,2022-05-01,May 2022,2,0
Denmark,DNK,EURO,2022-06-01,Jun 2022,18,0
Denmark,DNK,EURO,2022-07-01,Jul 2022,61,0
Denmark,DNK,EURO,2022-08-01,Aug 2022,93,0
Denmark,DNK,EURO,2022-09-01,Sep 2022,11,0
Denmark,DNK,EURO,2022-10-01,Oct 2022,6,0
Denmark,DNK,EURO,2022-11-01,Nov 2022,0,0
Denmark,DNK,EURO,2022-12-01,Dec 2022,1,0
Denmark,DNK,EURO,2023-01-01,Jan 2023,4,0
Denmark,DNK,EURO,2023-02-01,Feb 2023,0,0
Denmark,DNK,EURO,2023-03-01,Mar 2023,0,0
Denmark,DNK,EURO,2023-04-01,Apr 2023,0,0
Denmark,DNK,EURO,2023-05-01,May 2023,0,0
Denmark,DNK,EURO,2023-06-01,Jun 2023,0,0
Denmark,DNK,EURO,2023-07-01,Jul 2023,0,0
Denmark,DNK,EURO,2023-08-01,Aug 2023,0,0
Denmark,DNK,EURO,2023-09-01,Sep 2023,2,0
Dominican Republic,DOM,AMRO,2022-07-01,Jul 2022,3,0
Dominican Republic,DOM,AMRO,2022-08-01,Aug 2022,4,0
Dominican Republic,DOM,AMRO,2022-09-01,Sep 2022,24,0
Dominican Republic,DOM,AMRO,2022-10-01,Oct 2022,21,0
Dominican Republic,DOM,AMRO,2022-11-01,Nov 2022,0,0
Dominican Republic,DOM,AMRO,2022-12-01,Dec 2022,0,0
Dominican Republic,DOM,AMRO,2023-01-01,Jan 2023,0,0
Dominican Republic,DOM,AMRO,2023-02-01,Feb 2023,0,0
Dominican Republic,DOM,AMRO,2023-03-01,Mar 2023,0,0
Dominican Republic,DOM,AMRO,2023-04-01,Apr 2023,0,0
Dominican Republic,DOM,AMRO,2023-05-01,May 2023,0,0
Dominican Republic,DOM,AMRO,2023-06-01,Jun 2023,0,0
Dominican Republic,DOM,AMRO,2023-07-01,Jul 2023,0,0
Dominican Republic,DOM,AMRO,2023-08-01,Aug 2023,0,0
Dominican Republic,DOM,AMRO,2023-09-01,Sep 2023,0,0
Ecuador,ECU,AMRO,2022-07-01,Jul 2022,3,0
Ecuador,ECU,AMRO,2022-08-01,Aug 2022,50,0
Ecuador,ECU,AMRO,2022-09-01,Sep 2022,67,0
Ecuador,ECU,AMRO,2022-10-01,Oct 2022,123,0
Ecuador,ECU,AMRO,2022-11-01,Nov 2022,103,0
Ecuador,ECU,AMRO,2022-12-01,Dec 2022,95,2
Ecuador,ECU,AMRO,2023-01-01,Jan 2023,37,0
Ecuador,ECU,AMRO,2023-02-01,Feb 2023,32,1
Ecuador,ECU,AMRO,2023-03-01,Mar 2023,20,0
Ecuador,ECU,AMRO,2023-04-01,Apr 2023,3,0
Ecuador,ECU,AMRO,2023-05-01,May 2023,0,0
Ecuador,ECU,AMRO,2023-06-01,Jun 2023,0,0
Ecuador,ECU,AMRO,2023-07-01,Jul 2023,24,0
Ecuador,ECU,AMRO,2023-08-01,Aug 2023,0,0
Ecuador,ECU,AMRO,2023-09-01,Sep 2023,0,0
Egypt,EGY,EMRO,2022-09-01,Sep 2022,1,0
Egypt,EGY,EMRO,2022-12-01,Dec 2022,2,0
El Salvador,SLV,AMRO,2022-08-01,Aug 2022,1,0
El Salvador,SLV,AMRO,2022-09-01,Sep 2022,6,0
El Salvador,SLV,AMRO,2022-10-01,Oct 2022,6,0
El Salvador,SLV,AMRO,2022-11-01,Nov 2022,8,0
El Salvador,SLV,AMRO,2022-12-01,Dec 2022,48,0
El Salvador,SLV,AMRO,2023-01-01,Jan 2023,19,0
El Salvador,SLV,AMRO,2023-02-01,Feb 2023,8,0
El Salvador,SLV,AMRO,2023-03-01,Mar 2023,2,0
El Salvador,SLV,AMRO,2023-04-01,Apr 2023,6,0
El Salvador,SLV,AMRO,2023-05-01,May 2023,0,0
El Salvador,SLV,AMRO,2023-06-01,Jun 2023,0,0
El Salvador,SLV,AMRO,2023-07-01,Jul 2023,0,0
El Salvador,SLV,AMRO,2023-08-01,Aug 2023,0,0
El Salvador,SLV,AMRO,2023-09-01,Sep 2023,0,0
Estonia,EST,EURO,2022-06-01,Jun 2022,1,0
Estonia,EST,EURO,2022-07-01,Jul 2022,4,0
Estonia,EST,EURO,2022-08-01,Aug 2022,5,0
Estonia,EST,EURO,2022-09-01,Sep 2022,1,0
Estonia,EST,EURO,2022-10-01,Oct 2022,0,0
Estonia,EST,EURO,2022-11-01,Nov 2022,0,0
Estonia,EST,EURO,2022-12-01,Dec 2022,0,0
Estonia,EST,EURO,2023-01-01,Jan 2023,0,0
Estonia,EST,EURO,2023-02-01,Feb 2023,0,0
Estonia,EST,EURO,2023-03-01,Mar 2023,0,0
Estonia,EST,EURO,2023-04-01,Apr 2023,0,0
Estonia,EST,EURO,2023-05-01,May 2023,0,0
Estonia,EST,EURO,2023-06-01,Jun 2023,0,0
Estonia,EST,EURO,2023-07-01,Jul 2023,0,0
Estonia,EST,EURO,2023-08-01,Aug 2023,0,0
Estonia,EST,EURO,2023-09-01,Sep 2023,0,0
Finland,FIN,EURO,2022-05-01,May 2022,1,0
Finland,FIN,EURO,2022-06-01,Jun 2022,3,0
Finland,FIN,EURO,2022-07-01,Jul 2022,13,0
Finland,FIN,EURO,2022-08-01,Aug 2022,5,0
Finland,FIN,EURO,2022-09-01,Sep 2022,18,0
Finland,FIN,EURO,2022-10-01,Oct 2022,1,0
Finland,FIN,EURO,2022-11-01,Nov 2022,1,0
Finland,FIN,EURO,2022-12-01,Dec 2022,0,0
Finland,FIN,EURO,2023-01-01,Jan 2023,0,0
Finland,FIN,EURO,2023-02-01,Feb 2023,0,0
Finland,FIN,EURO,2023-03-01,Mar 2023,0,0
Finland,FIN,EURO,2023-04-01,Apr 2023,0,0
Finland,FIN,EURO,2023-05-01,May 2023,0,0
Finland,FIN,EURO,2023-06-01,Jun 2023,0,0
Finland,FIN,EURO,2023-07-01,Jul 2023,0,0
Finland,FIN,EURO,2023-08-01,Aug 2023,0,0
Finland,FIN,EURO,2023-09-01,Sep 2023,0,0
France,FRA,EURO,2022-05-01,May 2022,17,0
France,FRA,EURO,2022-06-01,Jun 2022,481,0
France,FRA,EURO,2022-07-01,Jul 2022,1339,0
France,FRA,EURO,2022-08-01,Aug 2022,1710,0
France,FRA,EURO,2022-09-01,Sep 2022,452,0
France,FRA,EURO,2022-10-01,Oct 2022,95,0
France,FRA,EURO,2022-11-01,Nov 2022,13,0
France,FRA,EURO,2022-12-01,Dec 2022,7,0
France,FRA,EURO,2023-01-01,Jan 2023,14,0
France,FRA,EURO,2023-02-01,Feb 2023,0,0
France,FRA,EURO,2023-03-01,Mar 2023,0,0
France,FRA,EURO,2023-04-01,Apr 2023,16,0
France,FRA,EURO,2023-05-01,May 2023,2,0
France,FRA,EURO,2023-06-01,Jun 2023,0,0
France,FRA,EURO,2023-07-01,Jul 2023,1,0
France,FRA,EURO,2023-08-01,Aug 2023,3,0
France,FRA,EURO,2023-09-01,Sep 2023,8,0
Georgia,GEO,EURO,2022-06-01,Jun 2022,1,0
Georgia,GEO,EURO,2022-07-01,Jul 2022,0,0
Georgia,GEO,EURO,2022-08-01,Aug 2022,1,0
Georgia,GEO,EURO,2022-09-01,Sep 2022,0,0
Georgia,GEO,EURO,2022-10-01,Oct 2022,0,0
Georgia,GEO,EURO,2022-11-01,Nov 2022,0,0
Georgia,GEO,EURO,2022-12-01,Dec 2022,0,0
Georgia,GEO,EURO,2023-01-01,Jan 2023,0,0
Georgia,GEO,EURO,2023-02-01,Feb 2023,0,0
Georgia,GEO,EURO,2023-03-01,Mar 2023,0,0
Georgia,GEO,EURO,2023-04-01,Apr 2023,0,0
Georgia,GEO,EURO,2023-05-01,May 2023,0,0
Georgia,GEO,EURO,2023-06-01,Jun 2023,0,0
Georgia,GEO,EURO,2023-07-01,Jul 2023,0,0
Georgia,GEO,EURO,2023-08-01,Aug 2023,0,0
Georgia,GEO,EURO,2023-09-01,Sep 2023,0,0
Germany,DEU,EURO,2022-05-01,May 2022,33,0
Germany,DEU,EURO,2022-06-01,Jun 2022,936,0
Germany,DEU,EURO,2022-07-01,Jul 2022,1626,0
Germany,DEU,EURO,2022-08-01,Aug 2022,872,0
Germany,DEU,EURO,2022-09-01,Sep 2022,158,0
Germany,DEU,EURO,2022-10-01,Oct 2022,37,0
Germany,DEU,EURO,2022-11-01,Nov 2022,9,0
Germany,DEU,EURO,2022-12-01,Dec 2022,5,0
Germany,DEU,EURO,2023-01-01,Jan 2023,16,0
Germany,DEU,EURO,2023-02-01,Feb 2023,0,0
Germany,DEU,EURO,2023-03-01,Mar 2023,0,0
Germany,DEU,EURO,2023-04-01,Apr 2023,0,0
Germany,DEU,EURO,2023-05-01,May 2023,-1,0
Germany,DEU,EURO,2023-06-01,Jun 2023,0,0
Germany,DEU,EURO,2023-07-01,Jul 2023,0,0
Germany,DEU,EURO,2023-08-01,Aug 2023,3,0
Germany,DEU,EURO,2023-09-01,Sep 2023,14,0
Ghana,GHA,AFRO,2022-02-01,Feb 2022,1,0
Ghana,GHA,AFRO,2022-03-01,Mar 2022,1,0
Ghana,GHA,AFRO,2022-04-01,Apr 2022,0,0
Ghana,GHA,AFRO,2022-05-01,May 2022,0,0
Ghana,GHA,AFRO,2022-06-01,Jun 2022,21,0
Ghana,GHA,AFRO,2022-07-01,Jul 2022,28,1
Ghana,GHA,AFRO,2022-08-01,Aug 2022,34,3
Ghana,GHA,AFRO,2022-09-01,Sep 2022,19,0
Ghana,GHA,AFRO,2022-10-01,Oct 2022,3,0
Ghana,GHA,AFRO,2022-11-01,Nov 2022,3,0
Ghana,GHA,AFRO,2022-12-01,Dec 2022,11,0
Ghana,GHA,AFRO,2023-01-01,Jan 2023,2,0
Ghana,GHA,AFRO,2023-02-01,Feb 2023,0,0
Ghana,GHA,AFRO,2023-03-01,Mar 2023,1,0
Ghana,GHA,AFRO,2023-04-01,Apr 2023,1,0
Ghana,GHA,AFRO,2023-05-01,May 2023,2,0
Ghana,GHA,AFRO,2023-06-01,Jun 2023,0,0
Ghana,GHA,AFRO,2023-07-01,Jul 2023,0,0
Ghana,GHA,AFRO,2023-08-01,Aug 2023,0,0
Ghana,GHA,AFRO,2023-09-01,Sep 2023,0,0
Gibraltar,GIB,EURO,2022-06-01,Jun 2022,1,0
Gibraltar,GIB,EURO,2022-07-01,Jul 2022,4,0
Gibraltar,GIB,EURO,2022-08-01,Aug 2022,1,0
Gibraltar,GIB,EURO,2022-09-01,Sep 2022,0,0
Gibraltar,GIB,EURO,2022-10-01,Oct 2022,0,0
Gibraltar,GIB,EURO,2022-11-01,Nov 2022,0,0
Gibraltar,GIB,EURO,2022-12-01,Dec 2022,0,0
Gibraltar,GIB,EURO,2023-01-01,Jan 2023,0,0
Gibraltar,GIB,EURO,2023-02-01,Feb 2023,0,0
Gibraltar,GIB,EURO,2023-03-01,Mar 2023,0,0
Gibraltar,GIB,EURO,2023-04-01,Apr 2023,0,0
Gibraltar,GIB,EURO,2023-05-01,May 2023,0,0
Gibraltar,GIB,EURO,2023-06-01,Jun 2023,0,0
Gibraltar,GIB,EURO,2023-07-01,Jul 2023,0,0
Gibraltar,GIB,EURO,2023-08-01,Aug 2023,0,0
Gibraltar,GIB,EURO,2023-09-01,Sep 2023,0,0
Greece,GRC,EURO,2022-06-01,Jun 2022,3,0
Greece,GRC,EURO,2022-07-01,Jul 2022,29,0
Greece,GRC,EURO,2022-08-01,Aug 2022,24,0
Greece,GRC,EURO,2022-09-01,Sep 2022,24,0
Greece,GRC,EURO,2022-10-01,Oct 2022,4,0
Greece,GRC,EURO,2022-11-01,Nov 2022,1,0
Greece,GRC,EURO,2022-12-01,Dec 2022,0,0
Greece,GRC,EURO,2023-01-01,Jan 2023,1,0
Greece,GRC,EURO,2023-02-01,Feb 2023,0,0
Greece,GRC,EURO,2023-03-01,Mar 2023,1,0
Greece,GRC,EURO,2023-04-01,Apr 2023,0,0
Greece,GRC,EURO,2023-05-01,May 2023,1,0
Greece,GRC,EURO,2023-06-01,Jun 2023,0,0
Greece,GRC,EURO,2023-07-01,Jul 2023,0,0
Greece,GRC,EURO,2023-08-01,Aug 2023,0,0
Greece,GRC,EURO,2023-09-01,Sep 2023,0,0
Greenland,GRL,EURO,2022-08-01,Aug 2022,2,0
Greenland,GRL,EURO,2022-09-01,Sep 2022,0,0
Greenland,GRL,EURO,2022-10-01,Oct 2022,0,0
Greenland,GRL,EURO,2022-11-01,Nov 2022,0,0
Greenland,GRL,EURO,2022-12-01,Dec 2022,0,0
Greenland,GRL,EURO,2023-01-01,Jan 2023,0,0
Greenland,GRL,EURO,2023-02-01,Feb 2023,0,0
Greenland,GRL,EURO,2023-03-01,Mar 2023,0,0
Greenland,GRL,EURO,2023-04-01,Apr 2023,0,0
Greenland,GRL,EURO,2023-05-01,May 2023,0,0
Greenland,GRL,EURO,2023-06-01,Jun 2023,0,0
Greenland,GRL,EURO,2023-07-01,Jul 2023,0,0
Greenland,GRL,EURO,2023-08-01,Aug 2023,0,0
Greenland,GRL,EURO,2023-09-01,Sep 2023,0,0
Guadeloupe,GLP,AMRO,2022-08-01,Aug 2022,1,0
Guadeloupe,GLP,AMRO,2022-09-01,Sep 2022,0,0
Guadeloupe,GLP,AMRO,2022-10-01,Oct 2022,0,0
Guadeloupe,GLP,AMRO,2022-11-01,Nov 2022,0,0
Guadeloupe,GLP,AMRO,2022-12-01,Dec 2022,0,0
Guadeloupe,GLP,AMRO,2023-01-01,Jan 2023,0,0
Guadeloupe,GLP,AMRO,2023-02-01,Feb 2023,0,0
Guadeloupe,GLP,AMRO,2023-03-01,Mar 2023,0,0
Guadeloupe,GLP,AMRO,2023-04-01,Apr 2023,0,0
Guadeloupe,GLP,AMRO,2023-05-01,May 2023,0,0
Guadeloupe,GLP,AMRO,2023-06-01,Jun 2023,0,0
Guadeloupe,GLP,AMRO,2023-07-01,Jul 2023,0,0
Guadeloupe,GLP,AMRO,2023-08-01,Aug 2023,0,0
Guadeloupe,GLP,AMRO,2023-09-01,Sep 2023,0,0
Guam,GUM,WPRO,2022-09-01,Sep 2022,1,0
Guatemala,GTM,AMRO,2022-08-01,Aug 2022,10,0
Guatemala,GTM,AMRO,2022-09-01,Sep 2022,17,0
Guatemala,GTM,AMRO,2022-10-01,Oct 2022,47,0
Guatemala,GTM,AMRO,2022-11-01,Nov 2022,118,0
Guatemala,GTM,AMRO,2022-12-01,Dec 2022,67,0
Guatemala,GTM,AMRO,2023-01-01,Jan 2023,89,0
Guatemala,GTM,AMRO,2023-02-01,Feb 2023,35,0
Guatemala,GTM,AMRO,2023-03-01,Mar 2023,21,0
Guatemala,GTM,AMRO,2023-04-01,Apr 2023,0,1
Guatemala,GTM,AMRO,2023-05-01,May 2023,1,0
Guatemala,GTM,AMRO,2023-06-01,Jun 2023,0,0
Guatemala,GTM,AMRO,2023-07-01,Jul 2023,0,0
Guatemala,GTM,AMRO,2023-08-01,Aug 2023,0,0
Guatemala,GTM,AMRO,2023-09-01,Sep 2023,0,0
Guyana,GUY,AMRO,2022-08-01,Aug 2022,2,0
Guyana,GUY,AMRO,2022-09-01,Sep 2022,0,0
Guyana,GUY,AMRO,2022-10-01,Oct 2022,0,0
Guyana,GUY,AMRO,2022-11-01,Nov 2022,0,0
Guyana,GUY,AMRO,2022-12-01,Dec 2022,0,0
Guyana,GUY,AMRO,2023-01-01,Jan 2023,0,0
Guyana,GUY,AMRO,2023-02-01,Feb 2023,0,0
Guyana,GUY,AMRO,2023-03-01,Mar 2023,0,0
Guyana,GUY,AMRO,2023-04-01,Apr 2023,0,0
Guyana,GUY,AMRO,2023-05-01,May 2023,0,0
Guyana,GUY,AMRO,2023-06-01,Jun 2023,0,0
Guyana,GUY,AMRO,2023-07-01,Jul 2023,0,0
Guyana,GUY,AMRO,2023-08-01,Aug 2023,0,0
Guyana,GUY,AMRO,2023-09-01,Sep 2023,0,0
Honduras,HND,AMRO,2022-08-01,Aug 2022,4,0
Honduras,HND,AMRO,2022-09-01,Sep 2022,2,0
Honduras,HND,AMRO,2022-10-01,Oct 2022,1,0
Honduras,HND,AMRO,2022-11-01,Nov 2022,4,0
Honduras,HND,AMRO,2022-12-01,Dec 2022,0,0
Honduras,HND,AMRO,2023-01-01,Jan 2023,2,0
Honduras,HND,AMRO,2023-02-01,Feb 2023,5,0
Honduras,HND,AMRO,2023-03-01,Mar 2023,22,0
Honduras,HND,AMRO,2023-04-01,Apr 2023,2,0
Honduras,HND,AMRO,2023-05-01,May 2023,2,0
Honduras,HND,AMRO,2023-06-01,Jun 2023,0,0
Honduras,HND,AMRO,2023-07-01,Jul 2023,0,0
Honduras,HND,AMRO,2023-08-01,Aug 2023,0,0
Honduras,HND,AMRO,2023-09-01,Sep 2023,0,0
Hungary,HUN,EURO,2022-05-01,May 2022,1,0
Hungary,HUN,EURO,2022-06-01,Jun 2022,17,0
Hungary,HUN,EURO,2022-07-01,Jul 2022,19,0
Hungary,HUN,EURO,2022-08-01,Aug 2022,33,0
Hungary,HUN,EURO,2022-09-01,Sep 2022,7,0
Hungary,HUN,EURO,2022-10-01,Oct 2022,3,0
Hungary,HUN,EURO,2022-11-01,Nov 2022,0,0
Hungary,HUN,EURO,2022-12-01,Dec 2022,0,0
Hungary,HUN,EURO,2023-01-01,Jan 2023,0,0
Hungary,HUN,EURO,2023-02-01,Feb 2023,0,0
Hungary,HUN,EURO,2023-03-01,Mar 2023,0,0
Hungary,HUN,EURO,2023-04-01,Apr 2023,0,0
Hungary,HUN,EURO,2023-05-01,May 2023,0,0
Hungary,HUN,EURO,2023-06-01,Jun 2023,0,0
Hungary,HUN,EURO,2023-07-01,Jul 2023,0,0
Hungary,HUN,EURO,2023-08-01,Aug 2023,0,0
Hungary,HUN,EURO,2023-09-01,Sep 2023,0,0
Iceland,ISL,EURO,2022-06-01,Jun 2022,4,0
Iceland,ISL,EURO,2022-07-01,Jul 2022,5,0
Iceland,ISL,EURO,2022-08-01,Aug 2022,3,0
Iceland,ISL,EURO,2022-09-01,Sep 2022,2,0
Iceland,ISL,EURO,2022-10-01,Oct 2022,2,0
Iceland,ISL,EURO,2022-11-01,Nov 2022,0,0
Iceland,ISL,EURO,2022-12-01,Dec 2022,0,0
Iceland,ISL,EURO,2023-01-01,Jan 2023,0,0
Iceland,ISL,EURO,2023-02-01,Feb 2023,0,0
Iceland,ISL,EURO,2023-03-01,Mar 2023,0,0
Iceland,ISL,EURO,2023-04-01,Apr 2023,0,0
Iceland,ISL,EURO,2023-05-01,May 2023,0,0
Iceland,ISL,EURO,2023-06-01,Jun 2023,0,0
Iceland,ISL,EURO,2023-07-01,Jul 2023,0,0
Iceland,ISL,EURO,2023-08-01,Aug 2023,0,0
Iceland,ISL,EURO,2023-09-01,Sep 2023,1,0
India,IND,SEARO,2022-07-01,Jul 2022,4,0
India,IND,SEARO,2022-08-01,Aug 2022,6,1
India,IND,SEARO,2022-09-01,Sep 2022,2,0
India,IND,SEARO,2022-10-01,Oct 2022,5,0
India,IND,SEARO,2022-11-01,Nov 2022,0,0
India,IND,SEARO,2022-12-01,Dec 2022,3,0
India,IND,SEARO,2023-01-01,Jan 2023,2,0
India,IND,SEARO,2023-02-01,Feb 2023,0,0
India,IND,SEARO,2023-03-01,Mar 2023,0,0
India,IND,SEARO,2023-04-01,Apr 2023,0,0
India,IND,SEARO,2023-05-01,May 2023,0,0
India,IND,SEARO,2023-06-01,Jun 2023,0,0
India,IND,SEARO,2023-07-01,Jul 2023,0,0
India,IND,SEARO,2023-08-01,Aug 2023,0,0
India,IND,SEARO,2023-09-01,Sep 2023,5,0
Indonesia,IDN,SEARO,2022-08-01,Aug 2022,1,0
Indonesia,IDN,SEARO,2022-09-01,Sep 2022,0,0
Indonesia,IDN,SEARO,2022-10-01,Oct 2022,0,0
Indonesia,IDN,SEARO,2022-11-01,Nov 2022,0,0
Indonesia,IDN,SEARO,2022-12-01,Dec 2022,0,0
Indonesia,IDN,SEARO,2023-01-01,Jan 2023,0,0
Indonesia,IDN,SEARO,2023-02-01,Feb 2023,0,0
Indonesia,IDN,SEARO,2023-03-01,Mar 2023,0,0
Indonesia,IDN,SEARO,2023-04-01,Apr 2023,0,0
Indonesia,IDN,SEARO,2023-05-01,May 2023,0,0
Indonesia,IDN,SEARO,2023-06-01,Jun 2023,0,0
Indonesia,IDN,SEARO,2023-07-01,Jul 2023,0,0
Indonesia,IDN,SEARO,2023-08-01,Aug 2023,0,0
Indonesia,IDN,SEARO,2023-09-01,Sep 2023,0,0
Iran (Islamic Republic of),IRN,EMRO,2022-08-01,Aug 2022,1,0
Ireland,IRL,EURO,2022-05-01,May 2022,9,0
Ireland,IRL,EURO,2022-06-01,Jun 2022,30,0
Ireland,IRL,EURO,2022-07-01,Jul 2022,46,0
Ireland,IRL,EURO,2022-08-01,Aug 2022,59,0
Ireland,IRL,EURO,2022-09-01,Sep 2022,39,0
Ireland,IRL,EURO,2022-10-01,Oct 2022,23,0
Ireland,IRL,EURO,2022-11-01,Nov 2022,14,0
Ireland,IRL,EURO,2022-12-01,Dec 2022,5,0
Ireland,IRL,EURO,2023-01-01,Jan 2023,3,0
Ireland,IRL,EURO,2023-02-01,Feb 2023,0,0
Ireland,IRL,EURO,2023-03-01,Mar 2023,0,0
Ireland,IRL,EURO,2023-04-01,Apr 2023,0,0
Ireland,IRL,EURO,2023-05-01,May 2023,1,0
Ireland,IRL,EURO,2023-06-01,Jun 2023,0,0
Ireland,IRL,EURO,2023-07-01,Jul 2023,0,0
Ireland,IRL,EURO,2023-08-01,Aug 2023,0,0
Ireland,IRL,EURO,2023-09-01,Sep 2023,10,0
Israel,ISR,EURO,2022-05-01,May 2022,2,0
Israel,ISR,EURO,2022-06-01,Jun 2022,40,0
Israel,ISR,EURO,2022-07-01,Jul 2022,79,0
Israel,ISR,EURO,2022-08-01,Aug 2022,113,0
Israel,ISR,EURO,2022-09-01,Sep 2022,16,0
Israel,ISR,EURO,2022-10-01,Oct 2022,12,0
Israel,ISR,EURO,2022-11-01,Nov 2022,0,0
Israel,ISR,EURO,2022-12-01,Dec 2022,0,0
Israel,ISR,EURO,2023-01-01,Jan 2023,0,0
Israel,ISR,EURO,2023-02-01,Feb 2023,0,0
Israel,ISR,EURO,2023-03-01,Mar 2023,0,0
Israel,ISR,EURO,2023-04-01,Apr 2023,0,0
Israel,ISR,EURO,2023-05-01,May 2023,0,0
Israel,ISR,EURO,2023-06-01,Jun 2023,1,0
Israel,ISR,EURO,2023-07-01,Jul 2023,0,0
Israel,ISR,EURO,2023-08-01,Aug 2023,0,0
Israel,ISR,EURO,2023-09-01,Sep 2023,0,0
Italy,ITA,EURO,2022-05-01,May 2022,14,0
Italy,ITA,EURO,2022-06-01,Jun 2022,145,0
Italy,ITA,EURO,2022-07-01,Jul 2022,267,0
Italy,ITA,EURO,2022-08-01,Aug 2022,334,0
Italy,ITA,EURO,2022-09-01,Sep 2022,90,0
Italy,ITA,EURO,2022-10-01,Oct 2022,44,0
Italy,ITA,EURO,2022-11-01,Nov 2022,26,0
Italy,ITA,EURO,2022-12-01,Dec 2022,18,0
Italy,ITA,EURO,2023-01-01,Jan 2023,16,0
Italy,ITA,EURO,2023-02-01,Feb 2023,3,0
Italy,ITA,EURO,2023-03-01,Mar 2023,0,0
Italy,ITA,EURO,2023-04-01,Apr 2023,0,0
Italy,ITA,EURO,2023-05-01,May 2023,0,0
Italy,ITA,EURO,2023-06-01,Jun 2023,0,0
Italy,ITA,EURO,2023-07-01,Jul 2023,0,0
Italy,ITA,EURO,2023-08-01,Aug 2023,1,0
Italy,ITA,EURO,2023-09-01,Sep 2023,5,0
Jamaica,JAM,AMRO,2022-07-01,Jul 2022,2,0
Jamaica,JAM,AMRO,2022-08-01,Aug 2022,5,0
Jamaica,JAM,AMRO,2022-09-01,Sep 2022,7,0
Jamaica,JAM,AMRO,2022-10-01,Oct 2022,2,0
Jamaica,JAM,AMRO,2022-11-01,Nov 2022,2,0
Jamaica,JAM,AMRO,2022-12-01,Dec 2022,0,0
Jamaica,JAM,AMRO,2023-01-01,Jan 2023,0,0
Jamaica,JAM,AMRO,2023-02-01,Feb 2023,0,0
Jamaica,JAM,AMRO,2023-03-01,Mar 2023,3,0
Jamaica,JAM,AMRO,2023-04-01,Apr 2023,0,0
Jamaica,JAM,AMRO,2023-05-01,May 2023,0,0
Jamaica,JAM,AMRO,2023-06-01,Jun 2023,0,0
Jamaica,JAM,AMRO,2023-07-01,Jul 2023,0,0
Jamaica,JAM,AMRO,2023-08-01,Aug 2023,0,0
Jamaica,JAM,AMRO,2023-09-01,Sep 2023,0,0
Japan,JPN,WPRO,2022-01-01,Jan 2022,0,0
Japan,JPN,WPRO,2022-07-01,Jul 2022,2,0
Japan,JPN,WPRO,2022-08-01,Aug 2022,2,0
Japan,JPN,WPRO,2022-09-01,Sep 2022,2,0
Japan,JPN,WPRO,2022-10-01,Oct 2022,1,0
Japan,JPN,WPRO,2022-12-01,Dec 2022,1,0
Japan,JPN,WPRO,2023-01-01,Jan 2023,7,0
Japan,JPN,WPRO,2023-02-01,Feb 2023,7,0
Japan,JPN,WPRO,2023-03-01,Mar 2023,60,0
Japan,JPN,WPRO,2023-04-01,Apr 2023,39,0
Japan,JPN,WPRO,2023-05-01,May 2023,42,0
Japan,JPN,WPRO,2023-06-01,Jun 2023,23,0
Japan,JPN,WPRO,2023-07-01,Jul 2023,8,0
Japan,JPN,WPRO,2023-08-01,Aug 2023,1,0
Japan,JPN,WPRO,2023-09-01,Sep 2023,11,0
Jordan,JOR,EMRO,2022-09-01,Sep 2022,1,0
Lao People's Democratic Republic,LAO,WPRO,2023-09-01,Sep 2023,1,0
Latvia,LVA,EURO,2022-06-01,Jun 2022,2,0
Latvia,LVA,EURO,2022-07-01,Jul 2022,1,0
Latvia,LVA,EURO,2022-08-01,Aug 2022,1,0
Latvia,LVA,EURO,2022-09-01,Sep 2022,1,0
Latvia,LVA,EURO,2022-10-01,Oct 2022,1,0
Latvia,LVA,EURO,2022-11-01,Nov 2022,0,0
Latvia,LVA,EURO,2022-12-01,Dec 2022,0,0
Latvia,LVA,EURO,2023-01-01,Jan 2023,0,0
Latvia,LVA,EURO,2023-02-01,Feb 2023,0,0
Latvia,LVA,EURO,2023-03-01,Mar 2023,0,0
Latvia,LVA,EURO,2023-04-01,Apr 2023,0,0
Latvia,LVA,EURO,2023-05-01,May 2023,0,0
Latvia,LVA,EURO,2023-06-01,Jun 2023,0,0
Latvia,LVA,EURO,2023-07-01,Jul 2023,0,0
Latvia,LVA,EURO,2023-08-01,Aug 2023,0,0
Latvia,LVA,EURO,2023-09-01,Sep 2023,0,0
Lebanon,LBN,EMRO,2022-06-01,Jun 2022,1,0
Lebanon,LBN,EMRO,2022-07-01,Jul 2022,3,0
Lebanon,LBN,EMRO,2022-08-01,Aug 2022,2,0
Lebanon,LBN,EMRO,2022-09-01,Sep 2022,5,0
Lebanon,LBN,EMRO,2022-10-01,Oct 2022,7,0
Lebanon,LBN,EMRO,2022-11-01,Nov 2022,6,0
Lebanon,LBN,EMRO,2023-01-01,Jan 2023,2,0
Lebanon,LBN,EMRO,2023-03-01,Mar 2023,1,0
Liberia,LBR,AFRO,2022-07-01,Jul 2022,1,0
Liberia,LBR,AFRO,2022-08-01,Aug 2022,2,0
Liberia,LBR,AFRO,2022-09-01,Sep 2022,0,0
Liberia,LBR,AFRO,2022-10-01,Oct 2022,0,0
Liberia,LBR,AFRO,2022-11-01,Nov 2022,1,0
Liberia,LBR,AFRO,2022-12-01,Dec 2022,2,0
Liberia,LBR,AFRO,2023-01-01,Jan 2023,1,0
Liberia,LBR,AFRO,2023-02-01,Feb 2023,1,0
Liberia,LBR,AFRO,2023-03-01,Mar 2023,2,0
Liberia,LBR,AFRO,2023-04-01,Apr 2023,2,0
Liberia,LBR,AFRO,2023-05-01,May 2023,1,0
Liberia,LBR,AFRO,2023-06-01,Jun 2023,0,0
Liberia,LBR,AFRO,2023-07-01,Jul 2023,0,0
Liberia,LBR,AFRO,2023-08-01,Aug 2023,0,0
Liberia,LBR,AFRO,2023-09-01,Sep 2023,0,0
Lithuania,LTU,EURO,2022-08-01,Aug 2022,5,0
Lithuania,LTU,EURO,2022-09-01,Sep 2022,0,0
Lithuania,LTU,EURO,2022-10-01,Oct 2022,0,0
Lithuania,LTU,EURO,2022-11-01,Nov 2022,0,0
Lithuania,LTU,EURO,2022-12-01,Dec 2022,0,0
Lithuania,LTU,EURO,2023-01-01,Jan 2023,0,0
Lithuania,LTU,EURO,2023-02-01,Feb 2023,0,0
Lithuania,LTU,EURO,2023-03-01,Mar 2023,0,0
Lithuania,LTU,EURO,2023-04-01,Apr 2023,0,0
Lithuania,LTU,EURO,2023-05-01,May 2023,0,0
Lithuania,LTU,EURO,2023-06-01,Jun 2023,0,0
Lithuania,LTU,EURO,2023-07-01,Jul 2023,0,0
Lithuania,LTU,EURO,2023-08-01,Aug 2023,0,0
Lithuania,LTU,EURO,2023-09-01,Sep 2023,0,0
Luxembourg,LUX,EURO,2022-06-01,Jun 2022,3,0
Luxembourg,LUX,EURO,2022-07-01,Jul 2022,20,0
Luxembourg,LUX,EURO,2022-08-01,Aug 2022,30,0
Luxembourg,LUX,EURO,2022-09-01,Sep 2022,2,0
Luxembourg,LUX,EURO,2022-10-01,Oct 2022,0,0
Luxembourg,LUX,EURO,2022-11-01,Nov 2022,2,0
Luxembourg,LUX,EURO,2022-12-01,Dec 2022,0,0
Luxembourg,LUX,EURO,2023-01-01,Jan 2023,0,0
Luxembourg,LUX,EURO,2023-02-01,Feb 2023,0,0
Luxembourg,LUX,EURO,2023-03-01,Mar 2023,0,0
Luxembourg,LUX,EURO,2023-04-01,Apr 2023,0,0
Luxembourg,LUX,EURO,2023-05-01,May 2023,0,0
Luxembourg,LUX,EURO,2023-06-01,Jun 2023,0,0
Luxembourg,LUX,EURO,2023-07-01,Jul 2023,0,0
Luxembourg,LUX,EURO,2023-08-01,Aug 2023,2,0
Luxembourg,LUX,EURO,2023-09-01,Sep 2023,0,0
Malaysia,MYS,WPRO,2023-08-01,Aug 2023,2,0
Malta,MLT,EURO,2022-05-01,May 2022,1,0
Malta,MLT,EURO,2022-06-01,Jun 2022,5,0
Malta,MLT,EURO,2022-07-01,Jul 2022,11,0
Malta,MLT,EURO,2022-08-01,Aug 2022,14,0
Malta,MLT,EURO,2022-09-01,Sep 2022,2,0
Malta,MLT,EURO,2022-10-01,Oct 2022,0,0
Malta,MLT,EURO,2022-11-01,Nov 2022,0,0
Malta,MLT,EURO,2022-12-01,Dec 2022,0,0
Malta,MLT,EURO,2023-01-01,Jan 2023,0,0
Malta,MLT,EURO,2023-02-01,Feb 2023,0,0
Malta,MLT,EURO,2023-03-01,Mar 2023,1,0
Malta,MLT,EURO,2023-04-01,Apr 2023,0,0
Malta,MLT,EURO,2023-05-01,May 2023,0,0
Malta,MLT,EURO,2023-06-01,Jun 2023,0,0
Malta,MLT,EURO,2023-07-01,Jul 2023,0,0
Malta,MLT,EURO,2023-08-01,Aug 2023,0,0
Malta,MLT,EURO,2023-09-01,Sep 2023,0,0
Martinique,MTQ,AMRO,2022-07-01,Jul 2022,1,0
Martinique,MTQ,AMRO,2022-08-01,Aug 2022,0,0
Martinique,MTQ,AMRO,2022-09-01,Sep 2022,0,0
Martinique,MTQ,AMRO,2022-10-01,Oct 2022,0,0
Martinique,MTQ,AMRO,2022-11-01,Nov 2022,0,0
Martinique,MTQ,AMRO,2022-12-01,Dec 2022,0,0
Martinique,MTQ,AMRO,2023-01-01,Jan 2023,6,0
Martinique,MTQ,AMRO,2023-02-01,Feb 2023,0,0
Martinique,MTQ,AMRO,2023-03-01,Mar 2023,0,0
Martinique,MTQ,AMRO,2023-04-01,Apr 2023,0,0
Martinique,MTQ,AMRO,2023-05-01,May 2023,0,0
Martinique,MTQ,AMRO,2023-06-01,Jun 2023,0,0
Martinique,MTQ,AMRO,2023-07-01,Jul 2023,0,0
Martinique,MTQ,AMRO,2023-08-01,Aug 2023,0,0
Martinique,MTQ,AMRO,2023-09-01,Sep 2023,0,0
Mexico,MEX,AMRO,2022-06-01,Jun 2022,27,0
Mexico,MEX,AMRO,2022-07-01,Jul 2022,32,0
Mexico,MEX,AMRO,2022-08-01,Aug 2022,445,0
Mexico,MEX,AMRO,2022-09-01,Sep 2022,1123,0
Mexico,MEX,AMRO,2022-10-01,Oct 2022,1027,0
Mexico,MEX,AMRO,2022-11-01,Nov 2022,708,4
Mexico,MEX,AMRO,2022-12-01,Dec 2022,275,0
Mexico,MEX,AMRO,2023-01-01,Jan 2023,131,0
Mexico,MEX,AMRO,2023-02-01,Feb 2023,109,0
Mexico,MEX,AMRO,2023-03-01,Mar 2023,60,0
Mexico,MEX,AMRO,2023-04-01,Apr 2023,28,10
Mexico,MEX,AMRO,2023-05-01,May 2023,55,15
Mexico,MEX,AMRO,2023-06-01,Jun 2023,11,1
Mexico,MEX,AMRO,2023-07-01,Jul 2023,8,0
Mexico,MEX,AMRO,2023-08-01,Aug 2023,16,0
Mexico,MEX,AMRO,2023-09-01,Sep 2023,7,0
Monaco,MCO,EURO,2022-08-01,Aug 2022,3,0
Monaco,MCO,EURO,2022-09-01,Sep 2022,0,0
Monaco,MCO,EURO,2022-10-01,Oct 2022,0,0
Monaco,MCO,EURO,2022-11-01,Nov 2022,0,0
Monaco,MCO,EURO,2022-12-01,Dec 2022,0,0
Monaco,MCO,EURO,2023-01-01,Jan 2023,0,0
Monaco,MCO,EURO,2023-02-01,Feb 2023,0,0
Monaco,MCO,EURO,2023-03-01,Mar 2023,0,0
Monaco,MCO,EURO,2023-04-01,Apr 2023,0,0
Monaco,MCO,EURO,2023-05-01,May 2023,0,0
Monaco,MCO,EURO,2023-06-01,Jun 2023,0,0
Monaco,MCO,EURO,2023-07-01,Jul 2023,0,0
Monaco,MCO,EURO,2023-08-01,Aug 2023,0,0
Monaco,MCO,EURO,2023-09-01,Sep 2023,0,0
Montenegro,MNE,EURO,2022-07-01,Jul 2022,1,0
Montenegro,MNE,EURO,2022-08-01,Aug 2022,1,0
Montenegro,MNE,EURO,2022-09-01,Sep 2022,0,0
Montenegro,MNE,EURO,2022-10-01,Oct 2022,0,0
Montenegro,MNE,EURO,2022-11-01,Nov 2022,0,0
Montenegro,MNE,EURO,2022-12-01,Dec 2022,0,0
Montenegro,MNE,EURO,2023-01-01,Jan 2023,0,0
Montenegro,MNE,EURO,2023-02-01,Feb 2023,0,0
Montenegro,MNE,EURO,2023-03-01,Mar 2023,0,0
Montenegro,MNE,EURO,2023-04-01,Apr 2023,0,0
Montenegro,MNE,EURO,2023-05-01,May 2023,0,0
Montenegro,MNE,EURO,2023-06-01,Jun 2023,0,0
Montenegro,MNE,EURO,2023-07-01,Jul 2023,0,0
Montenegro,MNE,EURO,2023-08-01,Aug 2023,0,0
Montenegro,MNE,EURO,2023-09-01,Sep 2023,0,0
Morocco,MAR,EMRO,2022-06-01,Jun 2022,1,0
Morocco,MAR,EMRO,2022-08-01,Aug 2022,2,0
Mozambique,MOZ,AFRO,2022-10-01,Oct 2022,1,1
Mozambique,MOZ,AFRO,2022-11-01,Nov 2022,0,0
Mozambique,MOZ,AFRO,2022-12-01,Dec 2022,0,0
Mozambique,MOZ,AFRO,2023-01-01,Jan 2023,0,0
Mozambique,MOZ,AFRO,2023-02-01,Feb 2023,0,0
Mozambique,MOZ,AFRO,2023-03-01,Mar 2023,0,0
Mozambique,MOZ,AFRO,2023-04-01,Apr 2023,0,0
Mozambique,MOZ,AFRO,2023-05-01,May 2023,0,0
Mozambique,MOZ,AFRO,2023-06-01,Jun 2023,0,0
Mozambique,MOZ,AFRO,2023-07-01,Jul 2023,0,0
Mozambique,MOZ,AFRO,2023-08-01,Aug 2023,0,0
Mozambique,MOZ,AFRO,2023-09-01,Sep 2023,0,0
Nepal,NPL,SEARO,2023-06-01,Jun 2023,1,0
Nepal,NPL,SEARO,2023-07-01,Jul 2023,0,0
Nepal,NPL,SEARO,2023-08-01,Aug 2023,0,0
Nepal,NPL,SEARO,2023-09-01,Sep 2023,0,0
Netherlands,NLD,EURO,2022-05-01,May 2022,26,0
Netherlands,NLD,EURO,2022-06-01,Jun 2022,231,0
Netherlands,NLD,EURO,2022-07-01,Jul 2022,622,0
Netherlands,NLD,EURO,2022-08-01,Aug 2022,281,0
Netherlands,NLD,EURO,2022-09-01,Sep 2022,63,0
Netherlands,NLD,EURO,2022-10-01,Oct 2022,12,0
Netherlands,NLD,EURO,2022-11-01,Nov 2022,16,0
Netherlands,NLD,EURO,2022-12-01,Dec 2022,5,0
Netherlands,NLD,EURO,2023-01-01,Jan 2023,4,0
Netherlands,NLD,EURO,2023-02-01,Feb 2023,1,0
Netherlands,NLD,EURO,2023-03-01,Mar 2023,1,0
Netherlands,NLD,EURO,2023-04-01,Apr 2023,1,0
Netherlands,NLD,EURO,2023-05-01,May 2023,1,0
Netherlands,NLD,EURO,2023-06-01,Jun 2023,1,0
Netherlands,NLD,EURO,2023-07-01,Jul 2023,0,0
Netherlands,NLD,EURO,2023-08-01,Aug 2023,2,0
Netherlands,NLD,EURO,2023-09-01,Sep 2023,7,0
New Caledonia,NCL,WPRO,2022-07-01,Jul 2022,1,0
New Caledonia,NCL,WPRO,2023-07-01,Jul 2023,0,0
New Zealand,NZL,WPRO,2022-07-01,Jul 2022,2,0
New Zealand,NZL,WPRO,2022-08-01,Aug 2022,2,0
New Zealand,NZL,WPRO,2022-09-01,Sep 2022,5,0
New Zealand,NZL,WPRO,2022-10-01,Oct 2022,19,0
New Zealand,NZL,WPRO,2022-11-01,Nov 2022,8,0
New Zealand,NZL,WPRO,2022-12-01,Dec 2022,4,0
New Zealand,NZL,WPRO,2023-01-01,Jan 2023,1,0
New Zealand,NZL,WPRO,2023-02-01,Feb 2023,1,0
Nigeria,NGA,AFRO,2022-01-01,Jan 2022,3,0
Nigeria,NGA,AFRO,2022-02-01,Feb 2022,1,0
Nigeria,NGA,AFRO,2022-03-01,Mar 2022,6,0
Nigeria,NGA,AFRO,2022-04-01,Apr 2022,5,1
Nigeria,NGA,AFRO,2022-05-01,May 2022,6,0
Nigeria,NGA,AFRO,2022-06-01,Jun 2022,42,1
Nigeria,NGA,AFRO,2022-07-01,Jul 2022,94,1
Nigeria,NGA,AFRO,2022-08-01,Aug 2022,120,3
Nigeria,NGA,AFRO,2022-09-01,Sep 2022,204,1
Nigeria,NGA,AFRO,2022-10-01,Oct 2022,123,0
Nigeria,NGA,AFRO,2022-11-01,Nov 2022,76,0
Nigeria,NGA,AFRO,2022-12-01,Dec 2022,83,0
Nigeria,NGA,AFRO,2023-01-01,Jan 2023,27,1
Nigeria,NGA,AFRO,2023-02-01,Feb 2023,21,1
Nigeria,NGA,AFRO,2023-03-01,Mar 2023,22,0
Nigeria,NGA,AFRO,2023-04-01,Apr 2023,2,0
Nigeria,NGA,AFRO,2023-05-01,May 2023,7,0
Nigeria,NGA,AFRO,2023-06-01,Jun 2023,1,0
Nigeria,NGA,AFRO,2023-07-01,Jul 2023,0,0
Nigeria,NGA,AFRO,2023-08-01,Aug 2023,0,0
Nigeria,NGA,AFRO,2023-09-01,Sep 2023,0,0
Norway,NOR,EURO,2022-05-01,May 2022,1,0
Norway,NOR,EURO,2022-06-01,Jun 2022,14,0
Norway,NOR,EURO,2022-07-01,Jul 2022,36,0
Norway,NOR,EURO,2022-08-01,Aug 2022,29,0
Norway,NOR,EURO,2022-09-01,Sep 2022,12,0
Norway,NOR,EURO,2022-10-01,Oct 2022,1,0
Norway,NOR,EURO,2022-11-01,Nov 2022,0,0
Norway,NOR,EURO,2022-12-01,Dec 2022,0,0
Norway,NOR,EURO,2023-01-01,Jan 2023,2,0
Norway,NOR,EURO,2023-02-01,Feb 2023,0,0
Norway,NOR,EURO,2023-03-01,Mar 2023,0,0
Norway,NOR,EURO,2023-04-01,Apr 2023,0,0
Norway,NOR,EURO,2023-05-01,May 2023,0,0
Norway,NOR,EURO,2023-06-01,Jun 2023,0,0
Norway,NOR,EURO,2023-07-01,Jul 2023,1,0
Norway,NOR,EURO,2023-08-01,Aug 2023,0,0
Norway,NOR,EURO,2023-09-01,Sep 2023,5,0
Pakistan,PAK,EMRO,2023-04-01,Apr 2023,1,0
Pakistan,PAK,EMRO,2023-05-01,May 2023,4,0
Pakistan,PAK,EMRO,2023-08-01,Aug 2023,1,0
Pakistan,PAK,EMRO,2023-09-01,Sep 2023,1,0
Panama,PAN,AMRO,2022-07-01,Jul 2022,1,0
Panama,PAN,AMRO,2022-08-01,Aug 2022,10,0
Panama,PAN,AMRO,2022-09-01,Sep 2022,5,0
Panama,PAN,AMRO,2022-10-01,Oct 2022,0,0
Panama,PAN,AMRO,2022-11-01,Nov 2022,40,0
Panama,PAN,AMRO,2022-12-01,Dec 2022,22,0
Panama,PAN,AMRO,2023-01-01,Jan 2023,32,0
Panama,PAN,AMRO,2023-02-01,Feb 2023,29,0
Panama,PAN,AMRO,2023-03-01,Mar 2023,77,0
Panama,PAN,AMRO,2023-04-01,Apr 2023,7,1
Panama,PAN,AMRO,2023-05-01,May 2023,12,0
Panama,PAN,AMRO,2023-06-01,Jun 2023,2,0
Panama,PAN,AMRO,2023-07-01,Jul 2023,0,0
Panama,PAN,AMRO,2023-08-01,Aug 2023,0,0
Panama,PAN,AMRO,2023-09-01,Sep 2023,0,0
Paraguay,PRY,AMRO,2022-08-01,Aug 2022,1,0
Paraguay,PRY,AMRO,2022-09-01,Sep 2022,1,0
Paraguay,PRY,AMRO,2022-10-01,Oct 2022,1,0
Paraguay,PRY,AMRO,2022-11-01,Nov 2022,23,0
Paraguay,PRY,AMRO,2022-12-01,Dec 2022,22,0
Paraguay,PRY,AMRO,2023-01-01,Jan 2023,34,0
Paraguay,PRY,AMRO,2023-02-01,Feb 2023,22,0
Paraguay,PRY,AMRO,2023-03-01,Mar 2023,18,0
Paraguay,PRY,AMRO,2023-04-01,Apr 2023,3,0
Paraguay,PRY,AMRO,2023-05-01,May 2023,0,0
Paraguay,PRY,AMRO,2023-06-01,Jun 2023,1,0
Paraguay,PRY,AMRO,2023-07-01,Jul 2023,0,0
Paraguay,PRY,AMRO,2023-08-01,Aug 2023,0,0
Paraguay,PRY,AMRO,2023-09-01,Sep 2023,0,0
Peru,PER,AMRO,2022-06-01,Jun 2022,3,0
Peru,PER,AMRO,2022-07-01,Jul 2022,266,0
Peru,PER,AMRO,2022-08-01,Aug 2022,1277,0
Peru,PER,AMRO,2022-09-01,Sep 2022,975,0
Peru,PER,AMRO,2022-10-01,Oct 2022,527,0
Peru,PER,AMRO,2022-11-01,Nov 2022,460,0
Peru,PER,AMRO,2022-12-01,Dec 2022,135,8
Peru,PER,AMRO,2023-01-01,Jan 2023,80,7
Peru,PER,AMRO,2023-02-01,Feb 2023,29,0
Peru,PER,AMRO,2023-03-01,Mar 2023,33,5
Peru,PER,AMRO,2023-04-01,Apr 2023,15,0
Peru,PER,AMRO,2023-05-01,May 2023,0,0
Peru,PER,AMRO,2023-06-01,Jun 2023,12,0
Peru,PER,AMRO,2023-07-01,Jul 2023,0,0
Peru,PER,AMRO,2023-08-01,Aug 2023,0,0
Peru,PER,AMRO,2023-09-01,Sep 2023,0,0
Philippines,PHL,WPRO,2022-07-01,Jul 2022,1,0
Philippines,PHL,WPRO,2022-08-01,Aug 2022,3,0
Philippines,PHL,WPRO,2023-05-01,May 2023,1,0
Poland,POL,EURO,2022-06-01,Jun 2022,10,0
Poland,POL,EURO,2022-07-01,Jul 2022,43,0
Poland,POL,EURO,2022-08-01,Aug 2022,77,0
Poland,POL,EURO,2022-09-01,Sep 2022,58,0
Poland,POL,EURO,2022-10-01,Oct 2022,18,0
Poland,POL,EURO,2022-11-01,Nov 2022,8,0
Poland,POL,EURO,2022-12-01,Dec 2022,0,0
Poland,POL,EURO,2023-01-01,Jan 2023,1,0
Poland,POL,EURO,2023-02-01,Feb 2023,0,0
Poland,POL,EURO,2023-03-01,Mar 2023,0,0
Poland,POL,EURO,2023-04-01,Apr 2023,2,0
Poland,POL,EURO,2023-05-01,May 2023,0,0
Poland,POL,EURO,2023-06-01,Jun 2023,0,0
Poland,POL,EURO,2023-07-01,Jul 2023,0,0
Poland,POL,EURO,2023-08-01,Aug 2023,0,0
Poland,POL,EURO,2023-09-01,Sep 2023,0,0
Portugal,PRT,EURO,2022-05-01,May 2022,100,0
Portugal,PRT,EURO,2022-06-01,Jun 2022,302,0
Portugal,PRT,EURO,2022-07-01,Jul 2022,231,0
Portugal,PRT,EURO,2022-08-01,Aug 2022,213,0
Portugal,PRT,EURO,2022-09-01,Sep 2022,80,0
Portugal,PRT,EURO,2022-10-01,Oct 2022,18,0
Portugal,PRT,EURO,2022-11-01,Nov 2022,4,0
Portugal,PRT,EURO,2022-12-01,Dec 2022,0,0
Portugal,PRT,EURO,2023-01-01,Jan 2023,3,0
Portugal,PRT,EURO,2023-02-01,Feb 2023,0,0
Portugal,PRT,EURO,2023-03-01,Mar 2023,0,0
Portugal,PRT,EURO,2023-04-01,Apr 2023,2,0
Portugal,PRT,EURO,2023-05-01,May 2023,0,1
Portugal,PRT,EURO,2023-06-01,Jun 2023,2,0
Portugal,PRT,EURO,2023-07-01,Jul 2023,47,0
Portugal,PRT,EURO,2023-08-01,Aug 2023,3,0
Portugal,PRT,EURO,2023-09-01,Sep 2023,86,0
Puerto Rico,PRI,AMRO,2022-06-01,Jun 2022,1,0
Puerto Rico,PRI,AMRO,2022-07-01,Jul 2022,12,0
Puerto Rico,PRI,AMRO,2022-08-01,Aug 2022,101,0
Puerto Rico,PRI,AMRO,2022-09-01,Sep 2022,68,0
Puerto Rico,PRI,AMRO,2022-10-01,Oct 2022,17,0
Puerto Rico,PRI,AMRO,2022-11-01,Nov 2022,6,0
Puerto Rico,PRI,AMRO,2022-12-01,Dec 2022,3,0
Puerto Rico,PRI,AMRO,2023-01-01,Jan 2023,1,0
Puerto Rico,PRI,AMRO,2023-02-01,Feb 2023,1,0
Puerto Rico,PRI,AMRO,2023-03-01,Mar 2023,1,0
Puerto Rico,PRI,AMRO,2023-04-01,Apr 2023,0,0
Puerto Rico,PRI,AMRO,2023-05-01,May 2023,0,0
Puerto Rico,PRI,AMRO,2023-06-01,Jun 2023,0,0
Puerto Rico,PRI,AMRO,2023-07-01,Jul 2023,0,0
Puerto Rico,PRI,AMRO,2023-08-01,Aug 2023,0,0
Puerto Rico,PRI,AMRO,2023-09-01,Sep 2023,0,0
Qatar,QAT,EMRO,2022-07-01,Jul 2022,2,0
Qatar,QAT,EMRO,2022-08-01,Aug 2022,1,0
Qatar,QAT,EMRO,2022-09-01,Sep 2022,2,0
Republic of Korea,KOR,WPRO,2022-06-01,Jun 2022,1,0
Republic of Korea,KOR,WPRO,2022-09-01,Sep 2022,1,0
Republic of Korea,KOR,WPRO,2022-11-01,Nov 2022,2,0
Republic of Korea,KOR,WPRO,2023-03-01,Mar 2023,1,0
Republic of Korea,KOR,WPRO,2023-04-01,Apr 2023,38,0
Republic of Korea,KOR,WPRO,2023-05-01,May 2023,46,0
Republic of Korea,KOR,WPRO,2023-06-01,Jun 2023,28,0
Republic of Korea,KOR,WPRO,2023-07-01,Jul 2023,9,0
Republic of Korea,KOR,WPRO,2023-08-01,Aug 2023,9,0
Republic of Korea,KOR,WPRO,2023-09-01,Sep 2023,6,0
Republic of Moldova,MDA,EURO,2022-08-01,Aug 2022,2,0
Republic of Moldova,MDA,EURO,2022-09-01,Sep 2022,0,0
Republic of Moldova,MDA,EURO,2022-10-01,Oct 2022,0,0
Republic of Moldova,MDA,EURO,2022-11-01,Nov 2022,0,0
Republic of Moldova,MDA,EURO,2022-12-01,Dec 2022,0,0
Republic of Moldova,MDA,EURO,2023-01-01,Jan 2023,0,0
Republic of Moldova,MDA,EURO,2023-02-01,Feb 2023,0,0
Republic of Moldova,MDA,EURO,2023-03-01,Mar 2023,0,0
Republic of Moldova,MDA,EURO,2023-04-01,Apr 2023,0,0
Republic of Moldova,MDA,EURO,2023-05-01,May 2023,0,0
Republic of Moldova,MDA,EURO,2023-06-01,Jun 2023,0,0
Republic of Moldova,MDA,EURO,2023-07-01,Jul 2023,0,0
Republic of Moldova,MDA,EURO,2023-08-01,Aug 2023,0,0
Republic of Moldova,MDA,EURO,2023-09-01,Sep 2023,0,0
Romania,ROU,EURO,2022-06-01,Jun 2022,11,0
Romania,ROU,EURO,2022-07-01,Jul 2022,9,0
Romania,ROU,EURO,2022-08-01,Aug 2022,16,0
Romania,ROU,EURO,2022-09-01,Sep 2022,4,0
Romania,ROU,EURO,2022-10-01,Oct 2022,3,0
Romania,ROU,EURO,2022-11-01,Nov 2022,2,0
Romania,ROU,EURO,2022-12-01,Dec 2022,1,0
Romania,ROU,EURO,2023-01-01,Jan 2023,1,0
Romania,ROU,EURO,2023-02-01,Feb 2023,0,0
Romania,ROU,EURO,2023-03-01,Mar 2023,0,0
Romania,ROU,EURO,2023-04-01,Apr 2023,0,0
Romania,ROU,EURO,2023-05-01,May 2023,0,0
Romania,ROU,EURO,2023-06-01,Jun 2023,0,0
Romania,ROU,EURO,2023-07-01,Jul 2023,0,0
Romania,ROU,EURO,2023-08-01,Aug 2023,0,0
Romania,ROU,EURO,2023-09-01,Sep 2023,0,0
Russian Federation,RUS,EURO,2022-07-01,Jul 2022,1,0
Russian Federation,RUS,EURO,2022-08-01,Aug 2022,0,0
Russian Federation,RUS,EURO,2022-09-01,Sep 2022,1,0
Russian Federation,RUS,EURO,2022-10-01,Oct 2022,0,0
Russian Federation,RUS,EURO,2022-11-01,Nov 2022,0,0
Russian Federation,RUS,EURO,2022-12-01,Dec 2022,0,0
Russian Federation,RUS,EURO,2023-01-01,Jan 2023,0,0
Russian Federation,RUS,EURO,2023-02-01,Feb 2023,0,0
Russian Federation,RUS,EURO,2023-03-01,Mar 2023,0,0
Russian Federation,RUS,EURO,2023-04-01,Apr 2023,0,0
Russian Federation,RUS,EURO,2023-05-01,May 2023,0,0
Russian Federation,RUS,EURO,2023-06-01,Jun 2023,0,0
Russian Federation,RUS,EURO,2023-07-01,Jul 2023,0,0
Russian Federation,RUS,EURO,2023-08-01,Aug 2023,0,0
Russian Federation,RUS,EURO,2023-09-01,Sep 2023,0,0
Saint Martin,MAF,AMRO,2022-08-01,Aug 2022,1,0
Saint Martin,MAF,AMRO,2022-09-01,Sep 2022,0,0
Saint Martin,MAF,AMRO,2022-10-01,Oct 2022,0,0
Saint Martin,MAF,AMRO,2022-11-01,Nov 2022,0,0
Saint Martin,MAF,AMRO,2022-12-01,Dec 2022,0,0
Saint Martin,MAF,AMRO,2023-01-01,Jan 2023,0,0
Saint Martin,MAF,AMRO,2023-02-01,Feb 2023,0,0
Saint Martin,MAF,AMRO,2023-03-01,Mar 2023,0,0
Saint Martin,MAF,AMRO,2023-04-01,Apr 2023,0,0
Saint Martin,MAF,AMRO,2023-05-01,May 2023,0,0
Saint Martin,MAF,AMRO,2023-06-01,Jun 2023,0,0
Saint Martin,MAF,AMRO,2023-07-01,Jul 2023,0,0
Saint Martin,MAF,AMRO,2023-08-01,Aug 2023,0,0
Saint Martin,MAF,AMRO,2023-09-01,Sep 2023,0,0
San Marino,SMR,EURO,2022-09-01,Sep 2022,0,0
San Marino,SMR,EURO,2022-10-01,Oct 2022,1,0
San Marino,SMR,EURO,2022-11-01,Nov 2022,0,0
San Marino,SMR,EURO,2022-12-01,Dec 2022,0,0
San Marino,SMR,EURO,2023-01-01,Jan 2023,0,0
San Marino,SMR,EURO,2023-02-01,Feb 2023,0,0
San Marino,SMR,EURO,2023-03-01,Mar 2023,0,0
San Marino,SMR,EURO,2023-04-01,Apr 2023,0,0
San Marino,SMR,EURO,2023-05-01,May 2023,0,0
San Marino,SMR,EURO,2023-06-01,Jun 2023,0,0
San Marino,SMR,EURO,2023-07-01,Jul 2023,0,0
San Marino,SMR,EURO,2023-08-01,Aug 2023,0,0
San Marino,SMR,EURO,2023-09-01,Sep 2023,0,0
Saudi Arabia,SAU,EMRO,2022-07-01,Jul 2022,4,0
Saudi Arabia,SAU,EMRO,2022-08-01,Aug 2022,4,0
Serbia,SRB,EURO,2022-06-01,Jun 2022,1,0
Serbia,SRB,EURO,2022-07-01,Jul 2022,9,0
Serbia,SRB,EURO,2022-08-01,Aug 2022,21,0
Serbia,SRB,EURO,2022-09-01,Sep 2022,9,0
Serbia,SRB,EURO,2022-10-01,Oct 2022,0,0
Serbia,SRB,EURO,2022-11-01,Nov 2022,0,0
Serbia,SRB,EURO,2022-12-01,Dec 2022,0,0
Serbia,SRB,EURO,2023-01-01,Jan 2023,0,0
Serbia,SRB,EURO,2023-02-01,Feb 2023,0,0
Serbia,SRB,EURO,2023-03-01,Mar 2023,0,0
Serbia,SRB,EURO,2023-04-01,Apr 2023,0,0
Serbia,SRB,EURO,2023-05-01,May 2023,0,0
Serbia,SRB,EURO,2023-06-01,Jun 2023,0,0
Serbia,SRB,EURO,2023-07-01,Jul 2023,0,0
Serbia,SRB,EURO,2023-08-01,Aug 2023,0,0
Serbia,SRB,EURO,2023-09-01,Sep 2023,0,0
Singapore,SGP,WPRO,2022-06-01,Jun 2022,1,0
Singapore,SGP,WPRO,2022-07-01,Jul 2022,10,0
Singapore,SGP,WPRO,2022-08-01,Aug 2022,5,0
Singapore,SGP,WPRO,2022-09-01,Sep 2022,3,0
Singapore,SGP,WPRO,2023-01-01,Jan 2023,2,0
Singapore,SGP,WPRO,2023-03-01,Mar 2023,1,0
Singapore,SGP,WPRO,2023-04-01,Apr 2023,1,0
Singapore,SGP,WPRO,2023-05-01,May 2023,2,0
Singapore,SGP,WPRO,2023-07-01,Jul 2023,1,0
Singapore,SGP,WPRO,2023-09-01,Sep 2023,5,0
Slovakia,SVK,EURO,2022-07-01,Jul 2022,6,0
Slovakia,SVK,EURO,2022-08-01,Aug 2022,6,0
Slovakia,SVK,EURO,2022-09-01,Sep 2022,2,0
Slovakia,SVK,EURO,2022-10-01,Oct 2022,0,0
Slovakia,SVK,EURO,2022-11-01,Nov 2022,0,0
Slovakia,SVK,EURO,2022-12-01,Dec 2022,0,0
Slovakia,SVK,EURO,2023-01-01,Jan 2023,0,0
Slovakia,SVK,EURO,2023-02-01,Feb 2023,0,0
Slovakia,SVK,EURO,2023-03-01,Mar 2023,0,0
Slovakia,SVK,EURO,2023-04-01,Apr 2023,0,0
Slovakia,SVK,EURO,2023-05-01,May 2023,0,0
Slovakia,SVK,EURO,2023-06-01,Jun 2023,0,0
Slovakia,SVK,EURO,2023-07-01,Jul 2023,0,0
Slovakia,SVK,EURO,2023-08-01,Aug 2023,0,0
Slovakia,SVK,EURO,2023-09-01,Sep 2023,0,0
Slovenia,SVN,EURO,2022-05-01,May 2022,2,0
Slovenia,SVN,EURO,2022-06-01,Jun 2022,7,0
Slovenia,SVN,EURO,2022-07-01,Jul 2022,24,0
Slovenia,SVN,EURO,2022-08-01,Aug 2022,10,0
Slovenia,SVN,EURO,2022-09-01,Sep 2022,4,0
Slovenia,SVN,EURO,2022-10-01,Oct 2022,0,0
Slovenia,SVN,EURO,2022-11-01,Nov 2022,0,0
Slovenia,SVN,EURO,2022-12-01,Dec 2022,0,0
Slovenia,SVN,EURO,2023-01-01,Jan 2023,0,0
Slovenia,SVN,EURO,2023-02-01,Feb 2023,0,0
Slovenia,SVN,EURO,2023-03-01,Mar 2023,0,0
Slovenia,SVN,EURO,2023-04-01,Apr 2023,0,0
Slovenia,SVN,EURO,2023-05-01,May 2023,0,0
Slovenia,SVN,EURO,2023-06-01,Jun 2023,0,0
Slovenia,SVN,EURO,2023-07-01,Jul 2023,0,0
Slovenia,SVN,EURO,2023-08-01,Aug 2023,0,0
Slovenia,SVN,EURO,2023-09-01,Sep 2023,0,0
South Africa,ZAF,AFRO,2022-07-01,Jul 2022,3,0
South Africa,ZAF,AFRO,2022-08-01,Aug 2022,2,0
South Africa,ZAF,AFRO,2022-09-01,Sep 2022,0,0
South Africa,ZAF,AFRO,2022-10-01,Oct 2022,0,0
South Africa,ZAF,AFRO,2022-11-01,Nov 2022,0,0
South Africa,ZAF,AFRO,2022-12-01,Dec 2022,0,0
South Africa,ZAF,AFRO,2023-01-01,Jan 2023,0,0
South Africa,ZAF,AFRO,2023-02-01,Feb 2023,0,0
South Africa,ZAF,AFRO,2023-03-01,Mar 2023,0,0
South Africa,ZAF,AFRO,2023-04-01,Apr 2023,0,0
South Africa,ZAF,AFRO,2023-05-01,May 2023,0,0
South Africa,ZAF,AFRO,2023-06-01,Jun 2023,0,0
South Africa,ZAF,AFRO,2023-07-01,Jul 2023,0,0
South Africa,ZAF,AFRO,2023-08-01,Aug 2023,0,0
South Africa,ZAF,AFRO,2023-09-01,Sep 2023,0,0
Spain,ESP,EURO,2022-05-01,May 2022,98,0
Spain,ESP,EURO,2022-06-01,Jun 2022,702,0
Spain,ESP,EURO,2022-07-01,Jul 2022,2938,0
Spain,ESP,EURO,2022-08-01,Aug 2022,2805,2
Spain,ESP,EURO,2022-09-01,Sep 2022,645,0
Spain,ESP,EURO,2022-10-01,Oct 2022,129,0
Spain,ESP,EURO,2022-11-01,Nov 2022,91,1
Spain,ESP,EURO,2022-12-01,Dec 2022,88,0
Spain,ESP,EURO,2023-01-01,Jan 2023,32,0
Spain,ESP,EURO,2023-02-01,Feb 2023,15,0
Spain,ESP,EURO,2023-03-01,Mar 2023,3,0
Spain,ESP,EURO,2023-04-01,Apr 2023,3,0
Spain,ESP,EURO,2023-05-01,May 2023,6,0
Spain,ESP,EURO,2023-06-01,Jun 2023,4,0
Spain,ESP,EURO,2023-07-01,Jul 2023,0,0
Spain,ESP,EURO,2023-08-01,Aug 2023,6,0
Spain,ESP,EURO,2023-09-01,Sep 2023,46,0
Sri Lanka,LKA,SEARO,2022-11-01,Nov 2022,2,0
Sri Lanka,LKA,SEARO,2022-12-01,Dec 2022,0,0
Sri Lanka,LKA,SEARO,2023-01-01,Jan 2023,0,0
Sri Lanka,LKA,SEARO,2023-02-01,Feb 2023,0,0
Sri Lanka,LKA,SEARO,2023-03-01,Mar 2023,0,0
Sri Lanka,LKA,SEARO,2023-04-01,Apr 2023,0,0
Sri Lanka,LKA,SEARO,2023-05-01,May 2023,0,0
Sri Lanka,LKA,SEARO,2023-06-01,Jun 2023,2,0
Sri Lanka,LKA,SEARO,2023-07-01,Jul 2023,0,0
Sri Lanka,LKA,SEARO,2023-08-01,Aug 2023,0,0
Sri Lanka,LKA,SEARO,2023-09-01,Sep 2023,0,0
Sudan,SDN,EMRO,2022-08-01,Aug 2022,2,0
Sudan,SDN,EMRO,2022-09-01,Sep 2022,5,1
Sudan,SDN,EMRO,2022-10-01,Oct 2022,11,0
Sudan,SDN,EMRO,2023-04-01,Apr 2023,1,0
Sweden,SWE,EURO,2022-05-01,May 2022,4,0
Sweden,SWE,EURO,2022-06-01,Jun 2022,24,0
Sweden,SWE,EURO,2022-07-01,Jul 2022,57,0
Sweden,SWE,EURO,2022-08-01,Aug 2022,72,0
Sweden,SWE,EURO,2022-09-01,Sep 2022,38,0
Sweden,SWE,EURO,2022-10-01,Oct 2022,17,0
Sweden,SWE,EURO,2022-11-01,Nov 2022,17,0
Sweden,SWE,EURO,2022-12-01,Dec 2022,21,0
Sweden,SWE,EURO,2023-01-01,Jan 2023,10,0
Sweden,SWE,EURO,2023-02-01,Feb 2023,0,0
Sweden,SWE,EURO,2023-03-01,Mar 2023,0,0
Sweden,SWE,EURO,2023-04-01,Apr 2023,0,0
Sweden,SWE,EURO,2023-05-01,May 2023,0,0
Sweden,SWE,EURO,2023-06-01,Jun 2023,0,0
Sweden,SWE,EURO,2023-07-01,Jul 2023,0,0
Sweden,SWE,EURO,2023-08-01,Aug 2023,0,0
Sweden,SWE,EURO,2023-09-01,Sep 2023,4,0
Switzerland,CHE,EURO,2022-05-01,May 2022,4,0
Switzerland,CHE,EURO,2022-06-01,Jun 2022,79,0
Switzerland,CHE,EURO,2022-07-01,Jul 2022,181,0
Switzerland,CHE,EURO,2022-08-01,Aug 2022,192,0
Switzerland,CHE,EURO,2022-09-01,Sep 2022,57,0
Switzerland,CHE,EURO,2022-10-01,Oct 2022,33,0
Switzerland,CHE,EURO,2022-11-01,Nov 2022,4,0
Switzerland,CHE,EURO,2022-12-01,Dec 2022,1,0
Switzerland,CHE,EURO,2023-01-01,Jan 2023,0,0
Switzerland,CHE,EURO,2023-02-01,Feb 2023,0,0
Switzerland,CHE,EURO,2023-03-01,Mar 2023,1,0
Switzerland,CHE,EURO,2023-04-01,Apr 2023,0,0
Switzerland,CHE,EURO,2023-05-01,May 2023,0,0
Switzerland,CHE,EURO,2023-06-01,Jun 2023,2,0
Switzerland,CHE,EURO,2023-07-01,Jul 2023,0,0
Switzerland,CHE,EURO,2023-08-01,Aug 2023,0,0
Switzerland,CHE,EURO,2023-09-01,Sep 2023,5,0
Thailand,THA,SEARO,2022-07-01,Jul 2022,2,0
Thailand,THA,SEARO,2022-08-01,Aug 2022,5,0
Thailand,THA,SEARO,2022-09-01,Sep 2022,1,0
Thailand,THA,SEARO,2022-10-01,Oct 2022,4,0
Thailand,THA,SEARO,2022-11-01,Nov 2022,0,0
Thailand,THA,SEARO,2022-12-01,Dec 2022,0,0
Thailand,THA,SEARO,2023-01-01,Jan 2023,0,0
Thailand,THA,SEARO,2023-02-01,Feb 2023,3,0
Thailand,THA,SEARO,2023-03-01,Mar 2023,3,0
Thailand,THA,SEARO,2023-04-01,Apr 2023,3,0
Thailand,THA,SEARO,2023-05-01,May 2023,22,0
Thailand,THA,SEARO,2023-06-01,Jun 2023,13,0
Thailand,THA,SEARO,2023-07-01,Jul 2023,63,0
Thailand,THA,SEARO,2023-08-01,Aug 2023,197,1
Thailand,THA,SEARO,2023-09-01,Sep 2023,144,0
The United Kingdom,GBR,EURO,2022-05-01,May 2022,190,0
The United Kingdom,GBR,EURO,2022-06-01,Jun 2022,1045,0
The United Kingdom,GBR,EURO,2022-07-01,Jul 2022,1197,0
The United Kingdom,GBR,EURO,2022-08-01,Aug 2022,981,0
The United Kingdom,GBR,EURO,2022-09-01,Sep 2022,222,0
The United Kingdom,GBR,EURO,2022-10-01,Oct 2022,63,0
The United Kingdom,GBR,EURO,2022-11-01,Nov 2022,27,0
The United Kingdom,GBR,EURO,2022-12-01,Dec 2022,5,0
The United Kingdom,GBR,EURO,2023-01-01,Jan 2023,5,0
The United Kingdom,GBR,EURO,2023-02-01,Feb 2023,0,0
The United Kingdom,GBR,EURO,2023-03-01,Mar 2023,3,0
The United Kingdom,GBR,EURO,2023-04-01,Apr 2023,3,0
The United Kingdom,GBR,EURO,2023-05-01,May 2023,11,0
The United Kingdom,GBR,EURO,2023-06-01,Jun 2023,1,0
The United Kingdom,GBR,EURO,2023-07-01,Jul 2023,8,0
The United Kingdom,GBR,EURO,2023-08-01,Aug 2023,10,0
The United Kingdom,GBR,EURO,2023-09-01,Sep 2023,34,0
Trinidad and Tobago,TTO,AMRO,2023-07-01,Jul 2023,3,0
Trinidad and Tobago,TTO,AMRO,2023-08-01,Aug 2023,0,0
Trinidad and Tobago,TTO,AMRO,2023-09-01,Sep 2023,0,0
Türkiye,TUR,EURO,2022-06-01,Jun 2022,1,0
Türkiye,TUR,EURO,2022-07-01,Jul 2022,0,0
Türkiye,TUR,EURO,2022-08-01,Aug 2022,0,0
Türkiye,TUR,EURO,2022-09-01,Sep 2022,0,0
Türkiye,TUR,EURO,2022-10-01,Oct 2022,11,0
Türkiye,TUR,EURO,2022-11-01,Nov 2022,0,0
Türkiye,TUR,EURO,2022-12-01,Dec 2022,0,0
Türkiye,TUR,EURO,2023-01-01,Jan 2023,0,0
Türkiye,TUR,EURO,2023-02-01,Feb 2023,0,0
Türkiye,TUR,EURO,2023-03-01,Mar 2023,0,0
Türkiye,TUR,EURO,2023-04-01,Apr 2023,0,0
Türkiye,TUR,EURO,2023-05-01,May 2023,0,0
Türkiye,TUR,EURO,2023-06-01,Jun 2023,0,0
Türkiye,TUR,EURO,2023-07-01,Jul 2023,0,0
Türkiye,TUR,EURO,2023-08-01,Aug 2023,0,0
Türkiye,TUR,EURO,2023-09-01,Sep 2023,0,0
Ukraine,UKR,EURO,2022-09-01,Sep 2022,3,0
Ukraine,UKR,EURO,2022-10-01,Oct 2022,2,0
Ukraine,UKR,EURO,2022-11-01,Nov 2022,0,0
Ukraine,UKR,EURO,2022-12-01,Dec 2022,0,0
Ukraine,UKR,EURO,2023-01-01,Jan 2023,0,0
Ukraine,UKR,EURO,2023-02-01,Feb 2023,0,0
Ukraine,UKR,EURO,2023-03-01,Mar 2023,0,0
Ukraine,UKR,EURO,2023-04-01,Apr 2023,0,0
Ukraine,UKR,EURO,2023-05-01,May 2023,0,0
Ukraine,UKR,EURO,2023-06-01,Jun 2023,0,0
Ukraine,UKR,EURO,2023-07-01,Jul 2023,0,0
Ukraine,UKR,EURO,2023-08-01,Aug 2023,0,0
Ukraine,UKR,EURO,2023-09-01,Sep 2023,0,0
United Arab Emirates,ARE,EMRO,2022-05-01,May 2022,4,0
United Arab Emirates,ARE,EMRO,2022-06-01,Jun 2022,9,0
United Arab Emirates,ARE,EMRO,2022-07-01,Jul 2022,3,0
United States of America,USA,AMRO,2022-06-01,Jun 2022,396,0
United States of America,USA,AMRO,2022-07-01,Jul 2022,4501,0
United States of America,USA,AMRO,2022-08-01,Aug 2022,14454,0
United States of America,USA,AMRO,2022-09-01,Sep 2022,6083,1
United States of America,USA,AMRO,2022-10-01,Oct 2022,2615,5
United States of America,USA,AMRO,2022-11-01,Nov 2022,1383,13
United States of America,USA,AMRO,2022-12-01,Dec 2022,171,1
United States of America,USA,AMRO,2023-01-01,Jan 2023,288,6
United States of America,USA,AMRO,2023-02-01,Feb 2023,121,8
United States of America,USA,AMRO,2023-03-01,Mar 2023,74,4
United States of America,USA,AMRO,2023-04-01,Apr 2023,68,4
United States of America,USA,AMRO,2023-05-01,May 2023,89,0
United States of America,USA,AMRO,2023-06-01,Jun 2023,81,1
United States of America,USA,AMRO,2023-07-01,Jul 2023,80,2
United States of America,USA,AMRO,2023-08-01,Aug 2023,160,5
United States of America,USA,AMRO,2023-09-01,Sep 2023,72,0
Uruguay,URY,AMRO,2022-07-01,Jul 2022,1,0
Uruguay,URY,AMRO,2022-08-01,Aug 2022,3,0
Uruguay,URY,AMRO,2022-09-01,Sep 2022,4,0
Uruguay,URY,AMRO,2022-10-01,Oct 2022,5,0
Uruguay,URY,AMRO,2022-11-01,Nov 2022,1,0
Uruguay,URY,AMRO,2022-12-01,Dec 2022,5,0
Uruguay,URY,AMRO,2023-01-01,Jan 2023,0,0
Uruguay,URY,AMRO,2023-02-01,Feb 2023,0,0
Uruguay,URY,AMRO,2023-03-01,Mar 2023,0,0
Uruguay,URY,AMRO,2023-04-01,Apr 2023,0,0
Uruguay,URY,AMRO,2023-05-01,May 2023,0,0
Uruguay,URY,AMRO,2023-06-01,Jun 2023,0,0
Uruguay,URY,AMRO,2023-07-01,Jul 2023,0,0
Uruguay,URY,AMRO,2023-08-01,Aug 2023,0,0
Uruguay,URY,AMRO,2023-09-01,Sep 2023,0,0
Venezuela (Bolivarian Republic of),VEN,AMRO,2022-06-01,Jun 2022,1,0
Venezuela (Bolivarian Republic of),VEN,AMRO,2022-07-01,Jul 2022,0,0
Venezuela (Bolivarian Republic of),VEN,AMRO,2022-08-01,Aug 2022,2,0
Venezuela (Bolivarian Republic of),VEN,AMRO,2022-09-01,Sep 2022,2,0
Venezuela (Bolivarian Republic of),VEN,AMRO,2022-10-01,Oct 2022,5,0
Venezuela (Bolivarian Republic of),VEN,AMRO,2022-11-01,Nov 2022,0,0
Venezuela (Bolivarian Republic of),VEN,AMRO,2022-12-01,Dec 2022,2,0
Venezuela (Bolivarian Republic of),VEN,AMRO,2023-01-01,Jan 2023,0,0
Venezuela (Bolivarian Republic of),VEN,AMRO,2023-02-01,Feb 2023,0,0
Venezuela (Bolivarian Republic of),VEN,AMRO,2023-03-01,Mar 2023,0,0
Venezuela (Bolivarian Republic of),VEN,AMRO,2023-04-01,Apr 2023,0,0
Venezuela (Bolivarian Republic of),VEN,AMRO,2023-05-01,May 2023,0,0
Venezuela (Bolivarian Republic of),VEN,AMRO,2023-06-01,Jun 2023,0,0
Venezuela (Bolivarian Republic of),VEN,AMRO,2023-07-01,Jul 2023,0,0
Venezuela (Bolivarian Republic of),VEN,AMRO,2023-08-01,Aug 2023,0,0
Venezuela (Bolivarian Republic of),VEN,AMRO,2023-09-01,Sep 2023,0,0
Viet Nam,VNM,WPRO,2022-10-01,Oct 2022,2,0
Viet Nam,VNM,WPRO,2023-07-01,Jul 2023,1,0
Viet Nam,VNM,WPRO,2023-09-01,Sep 2023,2,0
